dataset_short_name,session_id,subject_id,session_date,behavioral_context,recording_system,brain_regions,recommended_analysis_type,recording_profile_group,can_do_spike_analysis,can_do_lfp_analysis,can_do_behavior_analysis,can_do_position_analysis,can_do_spike_behavior_analysis,can_do_spike_position_analysis,can_do_lfp_behavior_analysis,can_do_cross_dataset_comparison,best_unit_count,best_spike_count,best_behavior_count,n_lfp_channels,n_electrodes,n_trials,n_event_times_total,n_position_samples,recording_duration_s,spikes_per_unit,units_per_minute,spikes_per_minute,trials_per_minute,events_per_trial,lfp_channels_per_unit,electrodes_per_unit,cross_dataset_reuse_score,data_analysis_potential_score
openfield_ca1,24101_2018-03-22,24101,2018-03-22,open field / navigation,Neuralynx,,spike/unit analysis,spike_lfp,True,True,False,False,False,False,False,False,2.0,311750.0,0.0,14.0,0.0,0,0.0,0.0,4508.0,155875.0,0.0266193433895297,4149.290150842946,0.0,0.0,7.0,0.0,0.5454545454545454,0.3333333333333333
openfield_ca1,24101_2018-03-24,24101,2018-03-24,open field / navigation,Neuralynx,,spike/unit analysis,spike_lfp,True,True,False,False,False,False,False,False,12.0,494603.0,0.0,14.0,0.0,0,0.0,0.0,2363.0,41216.91666666666,0.3046974185357596,12558.68810833686,0.0,0.0,1.1666666666666667,0.0,0.5454545454545454,0.3333333333333333
openfield_ca1,24101_2018-03-26,24101,2018-03-26,open field / navigation,Neuralynx,,spike/unit analysis,spike_lfp,True,True,False,False,False,False,False,False,24.0,434153.0,0.0,14.0,0.0,0,0.0,0.0,3222.0,18089.70833333333,0.4469273743016759,8084.785847299813,0.0,0.0,0.5833333333333334,0.0,0.5454545454545454,0.3333333333333333
openfield_ca1,24101_2018-03-27,24101,2018-03-27,open field / navigation,Neuralynx,,spike/unit analysis,spike_lfp,True,True,False,False,False,False,False,False,18.0,595025.0,0.0,14.0,0.0,0,0.0,0.0,5325.0,33056.944444444445,0.2028169014084507,6704.507042253521,0.0,0.0,0.7777777777777778,0.0,0.5454545454545454,0.3333333333333333
openfield_ca1,24101_2018-04-03,24101,2018-04-03,open field / navigation,Neuralynx,,spike/unit analysis,spike_lfp,True,True,False,False,False,False,False,False,20.0,605272.0,0.0,14.0,0.0,0,0.0,0.0,5619.0,30263.6,0.2135611318739989,6463.128670581954,0.0,0.0,0.7,0.0,0.5454545454545454,0.3333333333333333
openfield_ca1,24101_2018-04-04,24101,2018-04-04,open field / navigation,Neuralynx,,spike/unit analysis,spike_lfp,True,True,False,False,False,False,False,False,22.0,745382.0,0.0,14.0,0.0,0,0.0,0.0,1813.0,33881.0,0.7280750137892995,24667.90954219526,0.0,0.0,0.6363636363636364,0.0,0.5454545454545454,0.3333333333333333
openfield_ca1,24101_2018-04-05,24101,2018-04-05,open field / navigation,Neuralynx,,spike/unit analysis,spike_lfp,True,True,False,False,False,False,False,False,25.0,390018.0,0.0,14.0,0.0,0,0.0,0.0,2635.0,15600.72,0.5692599620493359,8880.865275142316,0.0,0.0,0.56,0.0,0.5454545454545454,0.3333333333333333
openfield_ca1,24101_2018-04-06,24101,2018-04-06,open field / navigation,Neuralynx,,spike/unit analysis,spike_lfp,True,True,False,False,False,False,False,False,29.0,406863.0,0.0,14.0,0.0,0,0.0,0.0,7240.0,14029.758620689656,0.2403314917127071,3371.792817679558,0.0,0.0,0.4827586206896552,0.0,0.5454545454545454,0.3333333333333333
openfield_ca1,24101_2018-04-11,24101,2018-04-11,open field / navigation,Neuralynx,,spike/unit analysis,spike_lfp,True,True,False,False,False,False,False,False,49.0,511829.0,0.0,14.0,0.0,0,0.0,0.0,1474.0,10445.489795918367,1.994572591587517,20834.28765264586,0.0,0.0,0.2857142857142857,0.0,0.5454545454545454,0.3333333333333333
openfield_ca1,24101_2018-04-13,24101,2018-04-13,open field / navigation,Neuralynx,,spike/unit analysis,spike_lfp,True,True,False,False,False,False,False,False,59.0,407545.0,0.0,14.0,0.0,0,0.0,0.0,4409.0,6907.542372881356,0.8029031526423225,5546.08754819687,0.0,0.0,0.2372881355932203,0.0,0.5454545454545454,0.3333333333333333
openfield_ca1,24101_2018-04-17,24101,2018-04-17,open field / navigation,Neuralynx,,spike/unit analysis,spike_lfp,True,True,False,False,False,False,False,False,34.0,205994.0,0.0,14.0,0.0,0,0.0,0.0,2279.0,6058.64705882353,0.895129442738043,5423.273365511189,0.0,0.0,0.4117647058823529,0.0,0.5454545454545454,0.3333333333333333
openfield_ca1,24101_2018-04-18,24101,2018-04-18,open field / navigation,Neuralynx,,spike/unit analysis,spike_lfp,True,True,False,False,False,False,False,False,11.0,297578.0,0.0,14.0,0.0,0,0.0,0.0,2038.0,27052.545454545456,0.323846908734053,8760.883218842002,0.0,0.0,1.2727272727272727,0.0,0.5454545454545454,0.3333333333333333
openfield_ca1,24101_2018-04-23,24101,2018-04-23,open field / navigation,Neuralynx,,spike/unit analysis,spike_lfp,True,True,False,False,False,False,False,False,16.0,416621.0,0.0,14.0,0.0,0,0.0,0.0,5010.0,26038.8125,0.1916167664670658,4989.473053892216,0.0,0.0,0.875,0.0,0.5454545454545454,0.3333333333333333
openfield_ca1,24101_2018-04-24,24101,2018-04-24,open field / navigation,Neuralynx,,spike/unit analysis,spike_lfp,True,True,False,False,False,False,False,False,20.0,731088.0,0.0,14.0,0.0,0,0.0,0.0,2581.0,36554.4,0.4649360712901976,16995.459124370398,0.0,0.0,0.7,0.0,0.5454545454545454,0.3333333333333333
openfield_ca1,24101_2018-04-25,24101,2018-04-25,open field / navigation,Neuralynx,,spike/unit analysis,spike_lfp,True,True,False,False,False,False,False,False,23.0,516776.0,0.0,14.0,0.0,0,0.0,0.0,2907.0,22468.52173913044,0.4747162022703818,10666.171310629514,0.0,0.0,0.6086956521739131,0.0,0.5454545454545454,0.3333333333333333
openfield_ca1,24101_2018-04-30,24101,2018-04-30,open field / navigation,Neuralynx,,spike/unit analysis,spike_lfp,True,True,False,False,False,False,False,False,9.0,1062349.0,0.0,14.0,0.0,0,0.0,0.0,2026.0,118038.77777777778,0.2665350444225074,31461.47087857848,0.0,0.0,1.5555555555555556,0.0,0.5454545454545454,0.3333333333333333
openfield_ca1,24101_2018-05-02,24101,2018-05-02,open field / navigation,Neuralynx,,spike/unit analysis,spike_lfp,True,True,False,False,False,False,False,False,6.0,997821.0,0.0,14.0,0.0,0,0.0,0.0,6467.0,166303.5,0.0556672336477501,9257.655790938612,0.0,0.0,2.333333333333333,0.0,0.5454545454545454,0.3333333333333333
openfield_ca1,24101_2018-05-03,24101,2018-05-03,open field / navigation,Neuralynx,,spike/unit analysis,spike_lfp,True,True,False,False,False,False,False,False,15.0,959997.0,0.0,14.0,0.0,0,0.0,0.0,7667.0,63999.8,0.1173862005999739,7512.693361158211,0.0,0.0,0.9333333333333332,0.0,0.5454545454545454,0.3333333333333333
openfield_ca1,24101_2018-05-04,24101,2018-05-04,open field / navigation,Neuralynx,,spike/unit analysis,spike_lfp,True,True,False,False,False,False,False,False,14.0,1049325.0,0.0,14.0,0.0,0,0.0,0.0,10755.0,74951.78571428571,0.0781032078103207,5853.9748953974895,0.0,0.0,1.0,0.0,0.5454545454545454,0.3333333333333333
openfield_ca1,24101_2018-05-07,24101,2018-05-07,open field / navigation,Neuralynx,,spike/unit analysis,spike_lfp,True,True,False,False,False,False,False,False,8.0,939766.0,0.0,14.0,0.0,0,0.0,0.0,3898.0,117470.75,0.1231400718317085,14465.35659312468,0.0,0.0,1.75,0.0,0.5454545454545454,0.3333333333333333
openfield_ca1,24101_2018-05-08,24101,2018-05-08,open field / navigation,Neuralynx,,spike/unit analysis,spike_lfp,True,True,False,False,False,False,False,False,12.0,869684.0,0.0,14.0,0.0,0,0.0,0.0,1777.0,72473.66666666667,0.4051772650534608,29364.68204839617,0.0,0.0,1.1666666666666667,0.0,0.5454545454545454,0.3333333333333333
openfield_ca1,24116_2018-04-03,24116,2018-04-03,open field / navigation,Axona,,spike-behavior analysis,spike_behavior,True,True,True,True,True,True,True,False,8.0,66406.0,60050.0,4.0,0.0,0,0.0,60050.0,1201.0,8300.75,0.3996669442131557,3317.5353871773523,0.0,0.0,0.5,0.0,0.8181818181818182,1.0
openfield_ca1,24116_2018-04-05,24116,2018-04-05,open field / navigation,Axona,,spike-behavior analysis,spike_behavior,True,True,True,True,True,True,True,False,7.0,49144.0,60050.0,4.0,0.0,0,0.0,60050.0,1201.0,7020.571428571428,0.3497085761865112,2455.154038301416,0.0,0.0,0.5714285714285714,0.0,0.8181818181818182,1.0
openfield_ca1,24116_2018-04-06,24116,2018-04-06,open field / navigation,Axona,,spike-behavior analysis,spike_behavior,True,True,True,True,True,True,True,False,11.0,61825.0,90000.0,4.0,0.0,0,0.0,90000.0,1800.0,5620.454545454545,0.3666666666666666,2060.833333333333,0.0,0.0,0.3636363636363636,0.0,0.8181818181818182,1.0
openfield_ca1,24116_2018-04-19,24116,2018-04-19,open field / navigation,Axona,,spike-behavior analysis,spike_behavior,True,True,True,True,True,True,True,False,4.0,27883.0,78005.0,4.0,0.0,0,0.0,78005.0,1560.0,6970.75,0.1538461538461538,1072.423076923077,0.0,0.0,1.0,0.0,0.8181818181818182,1.0
openfield_ca1,24116_2018-04-20,24116,2018-04-20,open field / navigation,Axona,,spike-behavior analysis,spike_behavior,True,True,True,True,True,True,True,False,4.0,15322.0,78050.0,4.0,0.0,0,0.0,78050.0,1561.0,3830.5,0.153747597693786,588.9301729660474,0.0,0.0,1.0,0.0,0.8181818181818182,1.0
openfield_ca1,24116_2018-04-22,24116,2018-04-22,open field / navigation,Axona,,spike-behavior analysis,spike_behavior,True,True,True,True,True,True,True,False,4.0,25764.0,90000.0,4.0,0.0,0,0.0,90000.0,1800.0,6441.0,0.1333333333333333,858.8,0.0,0.0,1.0,0.0,0.8181818181818182,1.0
openfield_ca1,24116_2018-04-25,24116,2018-04-25,open field / navigation,Axona,,spike-behavior analysis,spike_behavior,True,True,True,True,True,True,True,False,4.0,23627.0,103650.0,4.0,0.0,0,0.0,103650.0,2073.0,5906.75,0.1157742402315484,683.8494934876991,0.0,0.0,1.0,0.0,0.8181818181818182,1.0
openfield_ca1,24116_2018-04-26,24116,2018-04-26,open field / navigation,Axona,,spike-behavior analysis,spike_behavior,True,True,True,True,True,True,True,False,4.0,18990.0,74950.0,4.0,0.0,0,0.0,74950.0,1499.0,4747.5,0.1601067378252168,760.1067378252168,0.0,0.0,1.0,0.0,0.8181818181818182,1.0
openfield_ca1,24116_2018-04-27,24116,2018-04-27,open field / navigation,Axona,,spike-behavior analysis,spike_behavior,True,True,True,True,True,True,True,False,4.0,15243.0,75050.0,4.0,0.0,0,0.0,75050.0,1501.0,3810.75,0.1598934043970686,609.3137908061293,0.0,0.0,1.0,0.0,0.8181818181818182,1.0
openfield_ca1,24116_2018-04-30,24116,2018-04-30,open field / navigation,Axona,,spike-behavior analysis,spike_behavior,True,True,True,True,True,True,True,False,4.0,32411.0,85100.0,4.0,0.0,0,0.0,85100.0,1702.0,8102.75,0.1410105757931845,1142.5734430082257,0.0,0.0,1.0,0.0,0.8181818181818182,1.0
openfield_ca1,24116_2018-05-02,24116,2018-05-02,open field / navigation,Axona,,spike-behavior analysis,spike_behavior,True,True,True,True,True,True,True,False,4.0,18053.0,75300.0,4.0,0.0,0,0.0,75300.0,1506.0,4513.25,0.1593625498007968,719.2430278884461,0.0,0.0,1.0,0.0,0.8181818181818182,1.0
openfield_ca1,24116_2018-05-03,24116,2018-05-03,open field / navigation,Axona,,spike-behavior analysis,spike_behavior,True,True,True,True,True,True,True,False,4.0,13044.0,69160.0,4.0,0.0,0,0.0,69160.0,1383.0,3261.0,0.1735357917570499,565.9002169197397,0.0,0.0,1.0,0.0,0.8181818181818182,1.0
openfield_ca1,24116_2018-05-04,24116,2018-05-04,open field / navigation,Axona,,spike-behavior analysis,spike_behavior,True,True,True,True,True,True,True,False,4.0,9022.0,66050.0,4.0,0.0,0,0.0,66050.0,1321.0,2255.5,0.1816805450416351,409.780469341408,0.0,0.0,1.0,0.0,0.8181818181818182,1.0
openfield_ca1,25398_2019-04-29,25398,2019-04-29,open field / navigation,Axona,,spike-behavior analysis,spike_behavior,True,True,True,True,True,True,True,False,8.0,471561.0,90000.0,4.0,0.0,0,0.0,90000.0,1800.0,58945.125,0.2666666666666666,15718.7,0.0,0.0,0.5,0.0,0.8181818181818182,1.0
openfield_ca1,25398_2019-04-30,25398,2019-04-30,open field / navigation,Axona,,spike-behavior analysis,spike_behavior,True,True,True,True,True,True,True,False,8.0,346213.0,73750.0,4.0,0.0,0,0.0,73750.0,1475.0,43276.625,0.3254237288135593,14083.240677966103,0.0,0.0,0.5,0.0,0.8181818181818182,1.0
openfield_ca1,25398_2019-05-01,25398,2019-05-01,open field / navigation,Axona,,spike-behavior analysis,spike_behavior,True,True,True,True,True,True,True,False,8.0,129195.0,72050.0,4.0,0.0,0,0.0,72050.0,1441.0,16149.375,0.3331020124913255,5379.3893129771,0.0,0.0,0.5,0.0,0.8181818181818182,1.0
openfield_ca1,25398_2019-05-02,25398,2019-05-02,open field / navigation,Axona,,spike-behavior analysis,spike_behavior,True,True,True,True,True,True,True,False,8.0,541354.0,69050.0,4.0,0.0,0,0.0,69050.0,1381.0,67669.25,0.3475742215785662,23520.086893555395,0.0,0.0,0.5,0.0,0.8181818181818182,1.0
openfield_ca1,25398_2019-05-03,25398,2019-05-03,open field / navigation,Axona,,spike-behavior analysis,spike_behavior,True,True,True,True,True,True,True,False,6.0,354682.0,76300.0,4.0,0.0,0,0.0,76300.0,1526.0,59113.66666666666,0.2359108781127129,13945.557011795545,0.0,0.0,0.6666666666666666,0.0,0.8181818181818182,1.0
openfield_ca1,25398_2019-05-06,25398,2019-05-06,open field / navigation,Axona,,spike-behavior analysis,spike_behavior,True,True,True,True,True,True,True,False,8.0,348945.0,85900.0,4.0,0.0,0,0.0,85900.0,1718.0,43618.125,0.279394644935972,12186.670547147847,0.0,0.0,0.5,0.0,0.8181818181818182,1.0
openfield_ca1,25398_2019-05-07,25398,2019-05-07,open field / navigation,Axona,,spike-behavior analysis,spike_behavior,True,True,True,True,True,True,True,False,8.0,567458.0,90050.0,4.0,0.0,0,0.0,90050.0,1801.0,70932.25,0.2665186007773459,18904.764019988896,0.0,0.0,0.5,0.0,0.8181818181818182,1.0
openfield_ca1,25398_2019-05-08,25398,2019-05-08,open field / navigation,Axona,,spike-behavior analysis,spike_behavior,True,True,True,True,True,True,True,False,8.0,680267.0,90000.0,4.0,0.0,0,0.0,90000.0,1800.0,85033.375,0.2666666666666666,22675.566666666666,0.0,0.0,0.5,0.0,0.8181818181818182,1.0
openfield_ca1,25398_2019-05-09,25398,2019-05-09,open field / navigation,Axona,,spike-behavior analysis,spike_behavior,True,True,True,True,True,True,True,False,8.0,588177.0,87700.0,4.0,0.0,0,0.0,87700.0,1754.0,73522.125,0.2736602052451539,20120.07981755986,0.0,0.0,0.5,0.0,0.8181818181818182,1.0
openfield_ca1,25398_2019-05-10,25398,2019-05-10,open field / navigation,Axona,,spike-behavior analysis,spike_behavior,True,True,True,True,True,True,True,False,8.0,355757.0,90050.0,4.0,0.0,0,0.0,90050.0,1801.0,44469.625,0.2665186007773459,11851.982232093282,0.0,0.0,0.5,0.0,0.8181818181818182,1.0
openfield_ca1,25398_2019-05-11,25398,2019-05-11,open field / navigation,Axona,,spike-behavior analysis,spike_behavior,True,True,True,True,True,True,True,False,8.0,487682.0,90000.0,4.0,0.0,0,0.0,90000.0,1800.0,60960.25,0.2666666666666666,16256.066666666668,0.0,0.0,0.5,0.0,0.8181818181818182,1.0
openfield_ca1,25398_2019-05-14,25398,2019-05-14,open field / navigation,Axona,,spike-behavior analysis,spike_behavior,True,True,True,True,True,True,True,False,8.0,1211396.0,90050.0,4.0,0.0,0,0.0,90050.0,1801.0,151424.5,0.2665186007773459,40357.445863409215,0.0,0.0,0.5,0.0,0.8181818181818182,1.0
openfield_ca1,25398_2019-05-15,25398,2019-05-15,open field / navigation,Axona,,spike-behavior analysis,spike_behavior,True,True,True,True,True,True,True,False,8.0,834801.0,90050.0,4.0,0.0,0,0.0,90050.0,1801.0,104350.125,0.2665186007773459,27811.249305941143,0.0,0.0,0.5,0.0,0.8181818181818182,1.0
openfield_ca1,25398_2019-05-16,25398,2019-05-16,open field / navigation,Axona,,spike-behavior analysis,spike_behavior,True,True,True,True,True,True,True,False,12.0,1693132.0,83800.0,4.0,0.0,0,0.0,83800.0,1676.0,141094.33333333334,0.4295942720763723,60613.31742243437,0.0,0.0,0.3333333333333333,0.0,0.8181818181818182,1.0
openfield_ca1,25398_2019-06-21,25398,2019-06-21,open field / navigation,Axona,,spike-behavior analysis,spike_behavior,True,True,True,True,True,True,True,False,8.0,691190.0,90050.0,4.0,0.0,0,0.0,90050.0,1801.0,86398.75,0.2665186007773459,23026.87395891172,0.0,0.0,0.5,0.0,0.8181818181818182,1.0
openfield_ca1,25398_2019-06-24,25398,2019-06-24,open field / navigation,Axona,,spike-behavior analysis,spike_behavior,True,True,True,True,True,True,True,False,5.0,1777609.0,90050.0,4.0,0.0,0,0.0,90050.0,1801.0,355521.8,0.1665741254858412,59220.73292615214,0.0,0.0,0.8,0.0,0.8181818181818182,1.0
openfield_ca1,25398_2019-06-25,25398,2019-06-25,open field / navigation,Axona,,spike-behavior analysis,spike_behavior,True,True,True,True,True,True,True,False,2.0,2094788.0,90050.0,4.0,0.0,0,0.0,90050.0,1801.0,1047394.0,0.0666296501943364,69787.49583564687,0.0,0.0,2.0,0.0,0.8181818181818182,1.0
openfield_ca1,25398_2019-06-27,25398,2019-06-27,open field / navigation,Axona,,spike-behavior analysis,spike_behavior,True,True,True,True,True,True,True,False,8.0,1887752.0,87050.0,4.0,0.0,0,0.0,87050.0,1741.0,235969.0,0.2757036186099942,65057.507179781736,0.0,0.0,0.5,0.0,0.8181818181818182,1.0
openfield_ca1,25398_2019-06-28,25398,2019-06-28,open field / navigation,Axona,,spike-behavior analysis,spike_behavior,True,True,True,True,True,True,True,False,8.0,788114.0,80900.0,4.0,0.0,0,0.0,80900.0,1618.0,98514.25,0.2966625463535229,29225.488257107543,0.0,0.0,0.5,0.0,0.8181818181818182,1.0
openfield_ca1,25398_2019-07-02,25398,2019-07-02,open field / navigation,Axona,,spike-behavior analysis,spike_behavior,True,True,True,True,True,True,True,False,6.0,1144116.0,69050.0,4.0,0.0,0,0.0,69050.0,1381.0,190686.0,0.2606806661839247,49708.153511947865,0.0,0.0,0.6666666666666666,0.0,0.8181818181818182,1.0
openfield_ca1,25398_2019-07-03,25398,2019-07-03,open field / navigation,Axona,,spike-behavior analysis,spike_behavior,True,True,True,True,True,True,True,False,9.0,640425.0,90050.0,4.0,0.0,0,0.0,90050.0,1801.0,71158.33333333333,0.2998334258745141,21335.64686285397,0.0,0.0,0.4444444444444444,0.0,0.8181818181818182,1.0
openfield_ca1,25398_2019-07-04,25398,2019-07-04,open field / navigation,Axona,,spike-behavior analysis,spike_behavior,True,True,True,True,True,True,True,False,1.0,220312.0,58700.0,4.0,0.0,0,0.0,58700.0,1174.0,220312.0,0.0511073253833049,11259.557069846678,0.0,0.0,4.0,0.0,0.8181818181818182,1.0
openfield_ca1,25398_2019-07-30,25398,2019-07-30,open field / navigation,Axona,,spike-behavior analysis,spike_behavior,True,True,True,True,True,True,True,False,8.0,272400.0,43550.0,4.0,0.0,0,0.0,43550.0,871.0,34050.0,0.5510907003444316,18764.638346727897,0.0,0.0,0.5,0.0,0.8181818181818182,1.0
openfield_ca1,25398_2019-07-31,25398,2019-07-31,open field / navigation,Axona,,spike-behavior analysis,spike_behavior,True,True,True,True,True,True,True,False,2.0,1497936.0,90050.0,4.0,0.0,0,0.0,90050.0,1801.0,748968.0,0.0666296501943364,49903.47584675181,0.0,0.0,2.0,0.0,0.8181818181818182,1.0
openfield_ca1,25398_2019-08-01,25398,2019-08-01,open field / navigation,Axona,,spike-behavior analysis,spike_behavior,True,True,True,True,True,True,True,False,8.0,426375.0,90000.0,4.0,0.0,0,0.0,90000.0,1800.0,53296.875,0.2666666666666666,14212.5,0.0,0.0,0.5,0.0,0.8181818181818182,1.0
openfield_ca1,25398_2019-08-02,25398,2019-08-02,open field / navigation,Axona,,spike-behavior analysis,spike_behavior,True,True,True,True,True,True,True,False,8.0,435530.0,90050.0,4.0,0.0,0,0.0,90050.0,1801.0,54441.25,0.2665186007773459,14509.605774569683,0.0,0.0,0.5,0.0,0.8181818181818182,1.0
openfield_ca1,25398_2019-08-07,25398,2019-08-07,open field / navigation,Axona,,spike-behavior analysis,spike_behavior,True,True,True,True,True,True,True,False,8.0,474274.0,90050.0,4.0,0.0,0,0.0,90050.0,1801.0,59284.25,0.2665186007773459,15800.35535813437,0.0,0.0,0.5,0.0,0.8181818181818182,1.0
openfield_ca1,25398_2019-08-08,25398,2019-08-08,open field / navigation,Axona,,spike-behavior analysis,spike_behavior,True,True,True,True,True,True,True,False,8.0,398839.0,90050.0,4.0,0.0,0,0.0,90050.0,1801.0,49854.875,0.2665186007773459,13287.251526929484,0.0,0.0,0.5,0.0,0.8181818181818182,1.0
openfield_ca1,25398_2019-08-09,25398,2019-08-09,open field / navigation,Axona,,spike-behavior analysis,spike_behavior,True,True,True,True,True,True,True,False,8.0,208740.0,69850.0,4.0,0.0,0,0.0,69850.0,1397.0,26092.5,0.3435934144595561,8965.21116678597,0.0,0.0,0.5,0.0,0.8181818181818182,1.0
openfield_ca1,25398_2019-08-13,25398,2019-08-13,open field / navigation,Axona,,spike-behavior analysis,spike_behavior,True,True,True,True,True,True,True,False,8.0,248082.0,81050.0,4.0,0.0,0,0.0,81050.0,1621.0,31010.25,0.2961135101789019,9182.553979025291,0.0,0.0,0.5,0.0,0.8181818181818182,1.0
openfield_ca1,25398_2019-08-14,25398,2019-08-14,open field / navigation,Axona,,spike-behavior analysis,spike_behavior,True,True,True,True,True,True,True,False,8.0,131019.0,90000.0,4.0,0.0,0,0.0,90000.0,1800.0,16377.375,0.2666666666666666,4367.3,0.0,0.0,0.5,0.0,0.8181818181818182,1.0
openfield_ca1,25398_2019-08-15,25398,2019-08-15,open field / navigation,Axona,,spike-behavior analysis,spike_behavior,True,True,True,True,True,True,True,False,8.0,108856.0,75900.0,4.0,0.0,0,0.0,75900.0,1518.0,13607.0,0.3162055335968379,4302.608695652174,0.0,0.0,0.5,0.0,0.8181818181818182,1.0
openfield_ca1,25398_2019-09-03,25398,2019-09-03,open field / navigation,Axona,,spike-behavior analysis,spike_behavior,True,True,True,True,True,True,True,False,8.0,200199.0,72050.0,4.0,0.0,0,0.0,72050.0,1441.0,25024.875,0.3331020124913255,8335.836224843859,0.0,0.0,0.5,0.0,0.8181818181818182,1.0
openfield_ca1,25398_2019-09-04,25398,2019-09-04,open field / navigation,Axona,,spike-behavior analysis,spike_behavior,True,True,True,True,True,True,True,False,8.0,170989.0,87050.0,4.0,0.0,0,0.0,87050.0,1741.0,21373.625,0.2757036186099942,5892.785755313039,0.0,0.0,0.5,0.0,0.8181818181818182,1.0
openfield_ca1,25398_2019-09-16,25398,2019-09-16,open field / navigation,Axona,,spike-behavior analysis,spike_behavior,True,True,True,True,True,True,True,False,8.0,310735.0,90050.0,4.0,0.0,0,0.0,90050.0,1801.0,38841.875,0.2665186007773459,10352.082176568574,0.0,0.0,0.5,0.0,0.8181818181818182,1.0
openfield_ca1,25398_2019-09-17,25398,2019-09-17,open field / navigation,Axona,,spike-behavior analysis,spike_behavior,True,True,True,True,True,True,True,False,8.0,187026.0,61500.0,4.0,0.0,0,0.0,61500.0,1230.0,23378.25,0.3902439024390244,9123.219512195124,0.0,0.0,0.5,0.0,0.8181818181818182,1.0
openfield_ca1,25398_2019-09-18,25398,2019-09-18,open field / navigation,Axona,,spike-behavior analysis,spike_behavior,True,True,True,True,True,True,True,False,8.0,450676.0,90000.0,4.0,0.0,0,0.0,90000.0,1800.0,56334.5,0.2666666666666666,15022.533333333333,0.0,0.0,0.5,0.0,0.8181818181818182,1.0
openfield_ca1,25398_2019-09-19,25398,2019-09-19,open field / navigation,Axona,,spike-behavior analysis,spike_behavior,True,True,True,True,True,True,True,False,8.0,479797.0,90000.0,4.0,0.0,0,0.0,90000.0,1800.0,59974.625,0.2666666666666666,15993.233333333334,0.0,0.0,0.5,0.0,0.8181818181818182,1.0
openfield_ca1,25398_2019-09-20,25398,2019-09-20,open field / navigation,Axona,,spike-behavior analysis,spike_behavior,True,True,True,True,True,True,True,False,8.0,357440.0,73000.0,4.0,0.0,0,0.0,73000.0,1460.0,44680.0,0.3287671232876712,14689.315068493152,0.0,0.0,0.5,0.0,0.8181818181818182,1.0
openfield_ca1,25398_2019-10-07,25398,2019-10-07,open field / navigation,Axona,,spike-behavior analysis,spike_behavior,True,True,True,True,True,True,True,False,8.0,301893.0,90050.0,4.0,0.0,0,0.0,90050.0,1801.0,37736.625,0.2665186007773459,10057.512493059412,0.0,0.0,0.5,0.0,0.8181818181818182,1.0
openfield_ca1,25398_2019-10-08,25398,2019-10-08,open field / navigation,Axona,,spike-behavior analysis,spike_behavior,True,True,True,True,True,True,True,False,8.0,278080.0,90050.0,4.0,0.0,0,0.0,90050.0,1801.0,34760.0,0.2665186007773459,9264.186563020545,0.0,0.0,0.5,0.0,0.8181818181818182,1.0
openfield_ca1,25398_2019-10-09,25398,2019-10-09,open field / navigation,Axona,,spike-behavior analysis,spike_behavior,True,True,True,True,True,True,True,False,6.0,1082774.0,90050.0,4.0,0.0,0,0.0,90050.0,1801.0,180462.3333333333,0.1998889505830094,36072.426429761246,0.0,0.0,0.6666666666666666,0.0,0.8181818181818182,1.0
openfield_ca1,25398_2019-10-10,25398,2019-10-10,open field / navigation,Axona,,spike-behavior analysis,spike_behavior,True,True,True,True,True,True,True,False,9.0,735561.0,90050.0,4.0,0.0,0,0.0,90050.0,1801.0,81729.0,0.2998334258745141,24505.086063298168,0.0,0.0,0.4444444444444444,0.0,0.8181818181818182,1.0
openfield_ca1,25398_2019-10-23,25398,2019-10-23,open field / navigation,Axona,,spike-behavior analysis,spike_behavior,True,True,True,True,True,True,True,False,5.0,341380.0,75350.0,4.0,0.0,0,0.0,75350.0,1507.0,68276.0,0.19907100199071,13591.771731917715,0.0,0.0,0.8,0.0,0.8181818181818182,1.0
openfield_ca1,25398_2019-10-24,25398,2019-10-24,open field / navigation,Axona,,spike-behavior analysis,spike_behavior,True,True,True,True,True,True,True,False,8.0,288311.0,90000.0,4.0,0.0,0,0.0,90000.0,1800.0,36038.875,0.2666666666666666,9610.366666666669,0.0,0.0,0.5,0.0,0.8181818181818182,1.0
openfield_ca1,26019_2020-01-06,26019,2020-01-06,open field / navigation,Axona,,spike-behavior analysis,spike_behavior,True,True,True,True,True,True,True,False,8.0,158246.0,90000.0,4.0,0.0,0,0.0,90000.0,1800.0,19780.75,0.2666666666666666,5274.866666666667,0.0,0.0,0.5,0.0,0.8181818181818182,1.0
openfield_ca1,26019_2020-01-07,26019,2020-01-07,open field / navigation,Axona,,spike-behavior analysis,spike_behavior,True,True,True,True,True,True,True,False,8.0,80241.0,61450.0,4.0,0.0,0,0.0,61450.0,1229.0,10030.125,0.3905614320585842,3917.379983726607,0.0,0.0,0.5,0.0,0.8181818181818182,1.0
openfield_ca1,26019_2020-01-08,26019,2020-01-08,open field / navigation,Axona,,spike-behavior analysis,spike_behavior,True,True,True,True,True,True,True,False,8.0,75656.0,90000.0,4.0,0.0,0,0.0,90000.0,1800.0,9457.0,0.2666666666666666,2521.866666666667,0.0,0.0,0.5,0.0,0.8181818181818182,1.0
openfield_ca1,26019_2020-01-09,26019,2020-01-09,open field / navigation,Axona,,spike-behavior analysis,spike_behavior,True,True,True,True,True,True,True,False,8.0,113258.0,72950.0,4.0,0.0,0,0.0,72950.0,1459.0,14157.25,0.3289924605894448,4657.628512679918,0.0,0.0,0.5,0.0,0.8181818181818182,1.0
openfield_ca1,26019_2020-01-10,26019,2020-01-10,open field / navigation,Axona,,spike-behavior analysis,spike_behavior,True,True,True,True,True,True,True,False,8.0,196230.0,79600.0,4.0,0.0,0,0.0,79600.0,1592.0,24528.75,0.3015075376884422,7395.603015075377,0.0,0.0,0.5,0.0,0.8181818181818182,1.0
openfield_ca1,26019_2020-01-13,26019,2020-01-13,open field / navigation,Axona,,spike-behavior analysis,spike_behavior,True,True,True,True,True,True,True,False,8.0,129053.0,90000.0,4.0,0.0,0,0.0,90000.0,1800.0,16131.625,0.2666666666666666,4301.766666666666,0.0,0.0,0.5,0.0,0.8181818181818182,1.0
openfield_ca1,26019_2020-01-14,26019,2020-01-14,open field / navigation,Axona,,spike-behavior analysis,spike_behavior,True,True,True,True,True,True,True,False,8.0,88320.0,86250.0,4.0,0.0,0,0.0,86250.0,1725.0,11040.0,0.2782608695652174,3072.0,0.0,0.0,0.5,0.0,0.8181818181818182,1.0
openfield_ca1,26019_2020-01-15,26019,2020-01-15,open field / navigation,Axona,,spike-behavior analysis,spike_behavior,True,True,True,True,True,True,True,False,8.0,71779.0,68050.0,4.0,0.0,0,0.0,68050.0,1361.0,8972.375,0.3526818515797208,3164.393828067597,0.0,0.0,0.5,0.0,0.8181818181818182,1.0
openfield_ca1,26019_2020-01-16,26019,2020-01-16,open field / navigation,Axona,,spike-behavior analysis,spike_behavior,True,True,True,True,True,True,True,False,8.0,70971.0,60300.0,4.0,0.0,0,0.0,60300.0,1206.0,8871.375,0.3980099502487562,3530.89552238806,0.0,0.0,0.5,0.0,0.8181818181818182,1.0
openfield_ca1,26019_2020-01-17,26019,2020-01-17,open field / navigation,Axona,,spike-behavior analysis,spike_behavior,True,True,True,True,True,True,True,False,8.0,137114.0,78450.0,4.0,0.0,0,0.0,78450.0,1569.0,17139.25,0.3059273422562141,5243.365200764819,0.0,0.0,0.5,0.0,0.8181818181818182,1.0
openfield_ca1,26019_2020-01-20,26019,2020-01-20,open field / navigation,Axona,,spike-behavior analysis,spike_behavior,True,True,True,True,True,True,True,False,8.0,54111.0,81700.0,4.0,0.0,0,0.0,81700.0,1634.0,6763.875,0.2937576499388005,1986.940024479804,0.0,0.0,0.5,0.0,0.8181818181818182,1.0
openfield_ca1,26019_2020-01-21,26019,2020-01-21,open field / navigation,Axona,,spike-behavior analysis,spike_behavior,True,True,True,True,True,True,True,False,8.0,67585.0,69050.0,4.0,0.0,0,0.0,69050.0,1381.0,8448.125,0.3475742215785662,2936.350470673425,0.0,0.0,0.5,0.0,0.8181818181818182,1.0
openfield_ca1,26019_2020-01-22,26019,2020-01-22,open field / navigation,Axona,,spike-behavior analysis,spike_behavior,True,True,True,True,True,True,True,False,8.0,119232.0,75150.0,4.0,0.0,0,0.0,75150.0,1503.0,14904.0,0.3193612774451098,4759.760479041916,0.0,0.0,0.5,0.0,0.8181818181818182,1.0
openfield_ca1,26019_2020-01-23,26019,2020-01-23,open field / navigation,Axona,,spike-behavior analysis,spike_behavior,True,True,True,True,True,True,True,False,8.0,225459.0,90050.0,4.0,0.0,0,0.0,90050.0,1801.0,28182.375,0.2665186007773459,7511.127151582455,0.0,0.0,0.5,0.0,0.8181818181818182,1.0
openfield_ca1,26019_2020-01-27,26019,2020-01-27,open field / navigation,Axona,,spike-behavior analysis,spike_behavior,True,True,True,True,True,True,True,False,8.0,141768.0,84050.0,4.0,0.0,0,0.0,84050.0,1681.0,17721.0,0.2855443188578227,5060.130874479477,0.0,0.0,0.5,0.0,0.8181818181818182,1.0
openfield_ca1,26019_2020-01-29,26019,2020-01-29,open field / navigation,Axona,,spike-behavior analysis,spike_behavior,True,True,True,True,True,True,True,False,8.0,62266.0,71350.0,4.0,0.0,0,0.0,71350.0,1427.0,7783.25,0.3363700070077084,2618.051857042746,0.0,0.0,0.5,0.0,0.8181818181818182,1.0
openfield_ca1,26019_2020-01-30,26019,2020-01-30,open field / navigation,Axona,,spike-behavior analysis,spike_behavior,True,True,True,True,True,True,True,False,8.0,62869.0,69050.0,4.0,0.0,0,0.0,69050.0,1381.0,7858.625,0.3475742215785662,2731.4554670528605,0.0,0.0,0.5,0.0,0.8181818181818182,1.0
openfield_ca1,26191_2020-04-01,26191,2020-04-01,open field / navigation,Axona,,spike-behavior analysis,spike_behavior,True,True,True,True,True,True,True,False,8.0,380373.0,84100.0,4.0,0.0,0,0.0,84100.0,1682.0,47546.625,0.2853745541022592,13568.59690844233,0.0,0.0,0.5,0.0,0.8181818181818182,1.0
openfield_ca1,26191_2020-04-02,26191,2020-04-02,open field / navigation,Axona,,spike-behavior analysis,spike_behavior,True,True,True,True,True,True,True,False,8.0,308806.0,66050.0,4.0,0.0,0,0.0,66050.0,1321.0,38600.75,0.3633610900832703,14026.010598031797,0.0,0.0,0.5,0.0,0.8181818181818182,1.0
openfield_ca1,26191_2020-04-03,26191,2020-04-03,open field / navigation,Axona,,spike-behavior analysis,spike_behavior,True,True,True,True,True,True,True,False,8.0,326398.0,90050.0,4.0,0.0,0,0.0,90050.0,1801.0,40799.75,0.2665186007773459,10873.89228206552,0.0,0.0,0.5,0.0,0.8181818181818182,1.0
openfield_ca1,26191_2020-04-04,26191,2020-04-04,open field / navigation,Axona,,spike-behavior analysis,spike_behavior,True,True,True,True,True,True,True,False,8.0,193046.0,81050.0,4.0,0.0,0,0.0,81050.0,1621.0,24130.75,0.2961135101789019,7145.441085749538,0.0,0.0,0.5,0.0,0.8181818181818182,1.0
openfield_ca1,26191_2020-04-05,26191,2020-04-05,open field / navigation,Axona,,spike-behavior analysis,spike_behavior,True,True,True,True,True,True,True,False,8.0,200148.0,90000.0,4.0,0.0,0,0.0,90000.0,1800.0,25018.5,0.2666666666666666,6671.6,0.0,0.0,0.5,0.0,0.8181818181818182,1.0
openfield_ca1,26191_2020-04-07,26191,2020-04-07,open field / navigation,Axona,,spike-behavior analysis,spike_behavior,True,True,True,True,True,True,True,False,8.0,128273.0,84050.0,4.0,0.0,0,0.0,84050.0,1681.0,16034.125,0.2855443188578227,4578.453301606187,0.0,0.0,0.5,0.0,0.8181818181818182,1.0
openfield_ca1,26191_2020-04-09,26191,2020-04-09,open field / navigation,Axona,,spike-behavior analysis,spike_behavior,True,True,True,True,True,True,True,False,8.0,210532.0,86050.0,4.0,0.0,0,0.0,86050.0,1721.0,26316.5,0.2789076118535735,7339.872167344567,0.0,0.0,0.5,0.0,0.8181818181818182,1.0
openfield_ca1,26191_2020-04-10,26191,2020-04-10,open field / navigation,Axona,,spike-behavior analysis,spike_behavior,True,True,True,True,True,True,True,False,8.0,218358.0,84000.0,4.0,0.0,0,0.0,84000.0,1680.0,27294.75,0.2857142857142857,7798.5,0.0,0.0,0.5,0.0,0.8181818181818182,1.0
openfield_ca1,26191_2020-04-14,26191,2020-04-14,open field / navigation,Axona,,spike-behavior analysis,spike_behavior,True,True,True,True,True,True,True,False,8.0,165080.0,90000.0,4.0,0.0,0,0.0,90000.0,1800.0,20635.0,0.2666666666666666,5502.666666666667,0.0,0.0,0.5,0.0,0.8181818181818182,1.0
openfield_ca1,26191_2020-04-15,26191,2020-04-15,open field / navigation,Axona,,spike-behavior analysis,spike_behavior,True,True,True,True,True,True,True,False,8.0,154657.0,81550.0,4.0,0.0,0,0.0,81550.0,1631.0,19332.125,0.2942979767014101,5689.40527283875,0.0,0.0,0.5,0.0,0.8181818181818182,1.0
openfield_ca1,26191_2020-04-16,26191,2020-04-16,open field / navigation,Axona,,spike-behavior analysis,spike_behavior,True,True,True,True,True,True,True,False,8.0,179770.0,90000.0,4.0,0.0,0,0.0,90000.0,1800.0,22471.25,0.2666666666666666,5992.333333333333,0.0,0.0,0.5,0.0,0.8181818181818182,1.0
openfield_ca1,26191_2020-04-17,26191,2020-04-17,open field / navigation,Axona,,spike-behavior analysis,spike_behavior,True,True,True,True,True,True,True,False,8.0,310312.0,90000.0,4.0,0.0,0,0.0,90000.0,1800.0,38789.0,0.2666666666666666,10343.733333333334,0.0,0.0,0.5,0.0,0.8181818181818182,1.0
openfield_ca1,26191_2020-04-20,26191,2020-04-20,open field / navigation,Axona,,spike-behavior analysis,spike_behavior,True,True,True,True,True,True,True,False,8.0,191565.0,90000.0,4.0,0.0,0,0.0,90000.0,1800.0,23945.625,0.2666666666666666,6385.5,0.0,0.0,0.5,0.0,0.8181818181818182,1.0
openfield_ca1,26191_2020-04-21,26191,2020-04-21,open field / navigation,Axona,,spike-behavior analysis,spike_behavior,True,True,True,True,True,True,True,False,8.0,380624.0,90050.0,4.0,0.0,0,0.0,90050.0,1801.0,47578.0,0.2665186007773459,12680.421987784564,0.0,0.0,0.5,0.0,0.8181818181818182,1.0
openfield_ca1,26191_2020-04-23,26191,2020-04-23,open field / navigation,Axona,,spike-behavior analysis,spike_behavior,True,True,True,True,True,True,True,False,8.0,72278.0,84050.0,4.0,0.0,0,0.0,84050.0,1681.0,9034.75,0.2855443188578227,2579.821534800714,0.0,0.0,0.5,0.0,0.8181818181818182,1.0
openfield_ca1,26191_2020-04-24,26191,2020-04-24,open field / navigation,Axona,,spike-behavior analysis,spike_behavior,True,True,True,True,True,True,True,False,8.0,128700.0,90000.0,4.0,0.0,0,0.0,90000.0,1800.0,16087.5,0.2666666666666666,4290.0,0.0,0.0,0.5,0.0,0.8181818181818182,1.0
openfield_ca1,26191_2020-04-25,26191,2020-04-25,open field / navigation,Axona,,spike-behavior analysis,spike_behavior,True,True,True,True,True,True,True,False,8.0,158923.0,90000.0,4.0,0.0,0,0.0,90000.0,1800.0,19865.375,0.2666666666666666,5297.433333333333,0.0,0.0,0.5,0.0,0.8181818181818182,1.0
openfield_ca1,26191_2020-04-27,26191,2020-04-27,open field / navigation,Axona,,spike-behavior analysis,spike_behavior,True,True,True,True,True,True,True,False,8.0,100340.0,90050.0,4.0,0.0,0,0.0,90050.0,1801.0,12542.5,0.2665186007773459,3342.8095502498613,0.0,0.0,0.5,0.0,0.8181818181818182,1.0
nwb_ca1,26863_2020-Nov-04_12-46-06,26863_Ash,2020-11-04,35 mins; OF; decent coverage; still plugged in from previous session in room 2.408,neuropixel_2_19122519211,LEC,spike-behavior analysis,spike_behavior,True,False,True,True,True,True,False,True,1072.0,0.0,0.0,0.0,384.0,0,0.0,0.0,0.0,0.0,0.0,0.0,0.0,0.0,0.0,0.3582089552238806,0.9090909090909092,0.6666666666666666
nwb_ca1,26863_2020-Nov-05_10-26-23,26863_Ash,2020-11-05,open field; object,neuropixel_2_19122519211,LEC,spike-behavior analysis,spike_behavior,True,False,True,True,True,True,False,True,721.0,0.0,0.0,0.0,384.0,0,0.0,0.0,0.0,0.0,0.0,0.0,0.0,0.0,0.0,0.5325936199722607,0.9090909090909092,0.6666666666666666
nwb_ca1,26965_2020-Dec-07_15-52-32,26965_Bubinga,2020-12-07,NWB electrophysiology,neuropixel_2_19122505151,LEC,spike-behavior analysis,spike_behavior,True,False,True,True,True,True,False,True,393.0,0.0,0.0,0.0,384.0,0,0.0,0.0,0.0,0.0,0.0,0.0,0.0,0.0,0.0,0.9770992366412212,0.9090909090909092,0.6666666666666666
nwb_ca1,26965_2020-Dec-07_16-51-52,26965_Bubinga,2020-12-07,NWB electrophysiology,neuropixel_2_19122505151,LEC,spike-behavior analysis,spike_behavior,True,False,True,True,True,True,False,True,393.0,0.0,0.0,0.0,384.0,0,0.0,0.0,0.0,0.0,0.0,0.0,0.0,0.0,0.0,0.9770992366412212,0.9090909090909092,0.6666666666666666
nwb_ca1,26965_2020-Dec-08_10-46-12,26965_Bubinga,2020-12-08,figure-eight,neuropixel_2_19122505151,LEC,spike-behavior analysis,spike_behavior,True,False,True,True,True,True,False,True,393.0,0.0,0.0,0.0,384.0,0,0.0,0.0,0.0,0.0,0.0,0.0,0.0,0.0,0.0,0.9770992366412212,0.9090909090909092,0.6666666666666666
nwb_ca1,26965_2020-Dec-08_11-29-48,26965_Bubinga,2020-12-08,open field (motive crashed),neuropixel_2_19122505151,LEC,spike-behavior analysis,spike_behavior,True,False,True,True,True,True,False,True,240.0,0.0,0.0,0.0,384.0,0,0.0,0.0,0.0,0.0,0.0,0.0,0.0,0.0,0.0,1.6,0.9090909090909092,0.6666666666666666
nwb_ca1,26965_2020-Dec-08_14-36-11,26965_Bubinga,2020-12-08,open field; party lights,neuropixel_2_19122505151,LEC,spike-behavior analysis,spike_behavior,True,False,True,True,True,True,False,True,548.0,0.0,0.0,0.0,384.0,0,0.0,0.0,0.0,0.0,0.0,0.0,0.0,0.0,0.0,0.7007299270072993,0.9090909090909092,0.6666666666666666
nwb_ca1,26965_2020-Dec-09_11-52-59,26965_Bubinga,2020-12-09,figure-eight,neuropixel_2_19122505151,LEC,spike-behavior analysis,spike_behavior,True,False,True,True,True,True,False,True,544.0,0.0,0.0,0.0,384.0,0,0.0,0.0,0.0,0.0,0.0,0.0,0.0,0.0,0.0,0.7058823529411765,0.9090909090909092,0.6666666666666666
nwb_ca1,26965_2020-Dec-09_12-10-58,26965_Bubinga,2020-12-09,open field; object,neuropixel_2_19122505151,LEC,spike-behavior analysis,spike_behavior,True,False,True,True,True,True,False,True,548.0,0.0,0.0,0.0,384.0,0,0.0,0.0,0.0,0.0,0.0,0.0,0.0,0.0,0.0,0.7007299270072993,0.9090909090909092,0.6666666666666666
nwb_ca1,26965_2020-Dec-11_10-58-11,26965_Bubinga,2020-12-11,open field; party lights,neuropixel_2_19122505151,LEC,spike-behavior analysis,spike_behavior,True,False,True,True,True,True,False,True,544.0,0.0,0.0,0.0,384.0,0,0.0,0.0,0.0,0.0,0.0,0.0,0.0,0.0,0.0,0.7058823529411765,0.9090909090909092,0.6666666666666666
nwb_ca1,26966_2020-Dec-14_15-18-10,26966_Cedar,2020-12-14,open field; novel object,neuropixel_2_19122519093,LEC,spike-behavior analysis,spike_behavior,True,False,True,True,True,True,False,True,477.0,0.0,0.0,0.0,384.0,0,0.0,0.0,0.0,0.0,0.0,0.0,0.0,0.0,0.0,0.8050314465408805,0.9090909090909092,0.6666666666666666
nwb_ca1,26966_2020-Dec-14_16-26-40,26966_Cedar,2020-12-14,NWB electrophysiology,neuropixel_2_19122519093,LEC,spike-behavior analysis,spike_behavior,True,False,True,True,True,True,False,True,477.0,0.0,0.0,0.0,384.0,0,0.0,0.0,0.0,0.0,0.0,0.0,0.0,0.0,0.0,0.8050314465408805,0.9090909090909092,0.6666666666666666
nwb_ca1,26966_2020-Dec-15_11-47-50,26966_Cedar,2020-12-15,figure-eight,neuropixel_2_19122519093,LEC,spike-behavior analysis,spike_behavior,True,False,True,True,True,True,False,True,477.0,0.0,0.0,0.0,384.0,0,0.0,0.0,0.0,0.0,0.0,0.0,0.0,0.0,0.0,0.8050314465408805,0.9090909090909092,0.6666666666666666
nwb_ca1,26966_2020-Dec-16_11-48-01,26966_Cedar,2020-12-16,open field; object,neuropixel_2_19122519093,LEC,spike-behavior analysis,spike_behavior,True,False,True,True,True,True,False,True,540.0,0.0,0.0,0.0,384.0,0,0.0,0.0,0.0,0.0,0.0,0.0,0.0,0.0,0.0,0.7111111111111111,0.9090909090909092,0.6666666666666666
nwb_ca1,27284_2021-Jun-15_19-16-52,27284_Douglas,2021-06-15,"2 OF sessions with short pot break inbetween, some jumping",neuropixels_1_18408403091; neuropixels_2_19122509121,LEC; MEC - Layer 2,spike-behavior analysis,spike_behavior,True,False,True,True,True,True,False,True,2306.0,0.0,0.0,0.0,768.0,0,0.0,0.0,0.0,0.0,0.0,0.0,0.0,0.0,0.0,0.3330442324371205,0.9090909090909092,0.6666666666666666
nwb_ca1,27284_2021-Jun-16_08-24-12,27284_Douglas,2021-06-16,sleep,neuropixels_1_18408403091; neuropixels_2_19122509121,LEC; MEC - Layer 2,spike-behavior analysis,spike_behavior,True,False,True,True,True,True,False,True,2537.0,0.0,0.0,0.0,768.0,0,0.0,0.0,0.0,0.0,0.0,0.0,0.0,0.0,0.0,0.3027197477335435,0.9090909090909092,0.6666666666666666
nwb_ca1,27284_2021-Jun-16_14-33-11,27284_Douglas,2021-06-16,OF tall walls,neuropixels_1_18408403091; neuropixels_2_19122509121,LEC; MEC - Layer 2,spike-behavior analysis,spike_behavior,True,False,True,True,True,True,False,True,2772.0,0.0,0.0,0.0,768.0,0,0.0,0.0,0.0,0.0,0.0,0.0,0.0,0.0,0.0,0.277056277056277,0.9090909090909092,0.6666666666666666
nwb_ca1,27284_2021-Jun-17_15-01-36,27284_Douglas,2021-06-17,OF and obj,neuropixels_1_18408403091; neuropixels_2_19122509121,LEC; MEC - Layer 2,spike-behavior analysis,spike_behavior,True,False,True,True,True,True,False,True,1639.0,0.0,0.0,0.0,768.0,0,0.0,0.0,0.0,0.0,0.0,0.0,0.0,0.0,0.0,0.4685784014643075,0.9090909090909092,0.6666666666666666
nwb_ca1,27284_2021-Jun-18_11-01-41,27284_Douglas,2021-06-18,open field and objA of WWW,neuropixels_1_18408403091; neuropixels_2_19122509121,LEC; MEC - Layer 2,spike-behavior analysis,spike_behavior,True,False,True,True,True,True,False,True,1226.0,0.0,0.0,0.0,768.0,0,0.0,0.0,0.0,0.0,0.0,0.0,0.0,0.0,0.0,0.6264274061990212,0.9090909090909092,0.6666666666666666
nwb_ca1,27285_2021-Jul-01_08-10-45,27285_Elm,2021-07-01,"sleep, sequence task",neuropixels_2_19122502062; neuropixels_2_19122511841; neuropixels_2_19122514182,LEC; HP - CA3; MEC - Layer 2,spike-behavior analysis,spike_behavior,True,False,True,True,True,True,False,True,8703.0,0.0,0.0,0.0,1152.0,0,0.0,0.0,0.0,0.0,0.0,0.0,0.0,0.0,0.0,0.1323681489141675,0.9090909090909092,0.6666666666666666
nwb_ca1,27285_2021-Jul-01_12-33-30,27285_Elm,2021-07-01,"seq2, comparison probes",neuropixels_2_19122502062; neuropixels_2_19122511841; neuropixels_2_19122514182,LEC; HP - CA3; MEC - Layer 2,spike-behavior analysis,spike_behavior,True,False,True,True,True,True,False,True,8703.0,0.0,0.0,0.0,1152.0,0,0.0,0.0,0.0,0.0,0.0,0.0,0.0,0.0,0.0,0.1323681489141675,0.9090909090909092,0.6666666666666666
nwb_ca1,27285_2021-Jul-01_13-26-22,27285_Elm,2021-07-01,"open field, WHAT, and WHERE",neuropixels_2_19122502062; neuropixels_2_19122511841; neuropixels_2_19122514182,LEC; HP - CA3; MEC - Layer 2,spike-behavior analysis,spike_behavior,True,False,True,True,True,True,False,True,951.0,0.0,0.0,0.0,1152.0,0,0.0,0.0,0.0,0.0,0.0,0.0,0.0,0.0,0.0,1.2113564668769716,0.9090909090909092,0.6666666666666666
nwb_ca1,27285_2021-Jul-02_13-23-12,27285_Elm,2021-07-02,"open field, WHEN1",neuropixels_2_19122502062; neuropixels_2_19122511841; neuropixels_2_19122514182,LEC; HP - CA3; MEC - Layer 2,spike-behavior analysis,spike_behavior,True,False,True,True,True,True,False,True,875.0,0.0,0.0,0.0,1152.0,0,0.0,0.0,0.0,0.0,0.0,0.0,0.0,0.0,0.0,1.3165714285714285,0.9090909090909092,0.6666666666666666
nwb_ca1,27285_2021-Jun-30_10-03-39,27285_Elm,2021-06-30,sequence task,neuropixels_2_19122502062; neuropixels_2_19122511841; neuropixels_2_19122514182,LEC; HP - CA3; MEC - Layer 2,spike-behavior analysis,spike_behavior,True,False,True,True,True,True,False,True,9578.0,0.0,0.0,0.0,1152.0,0,0.0,0.0,0.0,0.0,0.0,0.0,0.0,0.0,0.0,0.120275631655878,0.9090909090909092,0.6666666666666666
nwb_ca1,27285_2021-Jun-30_13-05-14,27285_Elm,2021-06-30,sequence task,neuropixels_2_19122502062; neuropixels_2_19122511841; neuropixels_2_19122514182,LEC; HP - CA3; MEC - Layer 2,spike-behavior analysis,spike_behavior,True,False,True,True,True,True,False,True,9578.0,0.0,0.0,0.0,1152.0,0,0.0,0.0,0.0,0.0,0.0,0.0,0.0,0.0,0.0,0.120275631655878,0.9090909090909092,0.6666666666666666
nwb_ca1,27285_2021-Jun-30_13-59-11,27285_Elm,2021-06-30,"open field, open field",neuropixels_2_19122502062; neuropixels_2_19122511841; neuropixels_2_19122514182,LEC; HP - CA3; MEC - Layer 2,spike-behavior analysis,spike_behavior,True,False,True,True,True,True,False,True,2253.0,0.0,0.0,0.0,1152.0,0,0.0,0.0,0.0,0.0,0.0,0.0,0.0,0.0,0.0,0.511318242343542,0.9090909090909092,0.6666666666666666
nwb_ca1,27963_2022-Feb-08_21-14-27,27963_Hemlock,2022-02-08,OF,neuropixels_2_19122510811; neuropixels_2_20403311343; neuropixels_2_20403311393,LEC; HP - CA1; MEC - Layer 2,spike-behavior analysis,spike_behavior,True,False,True,True,True,True,False,True,1890.0,0.0,0.0,0.0,1152.0,0,0.0,0.0,0.0,0.0,0.0,0.0,0.0,0.0,0.0,0.6095238095238096,0.9090909090909092,0.6666666666666666
nwb_ca1,27963_2022-Feb-09_08-02-57,27963_Hemlock,2022-02-09,sleep,neuropixels_2_19122510811; neuropixels_2_20403311343; neuropixels_2_20403311393,LEC; HP - CA1; MEC - Layer 2,spike-behavior analysis,spike_behavior,True,False,True,True,True,True,False,True,2312.0,0.0,0.0,0.0,1152.0,0,0.0,0.0,0.0,0.0,0.0,0.0,0.0,0.0,0.0,0.4982698961937716,0.9090909090909092,0.6666666666666666
nwb_ca1,27963_2022-Feb-10_11-06-56,27963_Hemlock,2022-02-10,"OF, obj, obj, obj",neuropixels_2_19122510811; neuropixels_2_20403311343; neuropixels_2_20403311393,LEC; HP - CA1; MEC - Layer 2,spike-behavior analysis,spike_behavior,True,False,True,True,True,True,False,True,1357.0,0.0,0.0,0.0,1152.0,0,0.0,0.0,0.0,0.0,0.0,0.0,0.0,0.0,0.0,0.8489314664701547,0.9090909090909092,0.6666666666666666
nwb_ca1,27963_2022-Feb-10_14-07-47,27963_Hemlock,2022-02-10,"OF, obj, obj, obj",neuropixels_2_19122510811; neuropixels_2_20403311343; neuropixels_2_20403311393,LEC; HP - CA1; MEC - Layer 2,spike-behavior analysis,spike_behavior,True,False,True,True,True,True,False,True,1288.0,0.0,0.0,0.0,1152.0,0,0.0,0.0,0.0,0.0,0.0,0.0,0.0,0.0,0.0,0.8944099378881988,0.9090909090909092,0.6666666666666666
nwb_ca1,27963_2022-Feb-11_14-58-41,27963_Hemlock,2022-02-11,OF,neuropixels_2_19122510811; neuropixels_2_20403311343; neuropixels_2_20403311393,LEC; HP - CA1; MEC - Layer 2,spike-behavior analysis,spike_behavior,True,False,True,True,True,True,False,True,1033.0,0.0,0.0,0.0,1152.0,0,0.0,0.0,0.0,0.0,0.0,0.0,0.0,0.0,0.0,1.1151984511132624,0.9090909090909092,0.6666666666666666
nwb_ca1,28003_2022-Mar-07_20-44-03,28003_Ironwood,2022-03-07,"OF, LEC was likely deep layers",neuropixels_2_20403311113; neuropixels_2_20403311151; neuropixels_2_20403320473,LEC; HP - CA1; MEC - Layer 2,spike-behavior analysis,spike_behavior,True,False,True,True,True,True,False,True,895.0,0.0,0.0,0.0,1152.0,0,0.0,0.0,0.0,0.0,0.0,0.0,0.0,0.0,0.0,1.2871508379888268,0.9090909090909092,0.6666666666666666
nwb_ca1,28003_2022-Mar-08_11-22-53,28003_Ironwood,2022-03-08,OF,neuropixels_2_20403311113; neuropixels_2_20403311151; neuropixels_2_20403320473,LEC; HP - CA1; MEC - Layer 2,spike-behavior analysis,spike_behavior,True,False,True,True,True,True,False,True,1193.0,0.0,0.0,0.0,1152.0,0,0.0,0.0,0.0,0.0,0.0,0.0,0.0,0.0,0.0,0.9656328583403184,0.9090909090909092,0.6666666666666666
nwb_ca1,28003_2022-Mar-08_11-38-59,28003_Ironwood,2022-03-08,OF,neuropixels_2_20403311113; neuropixels_2_20403311151; neuropixels_2_20403320473,LEC; HP - CA1; MEC - Layer 2,spike-behavior analysis,spike_behavior,True,False,True,True,True,True,False,True,1056.0,0.0,0.0,0.0,1152.0,0,0.0,0.0,0.0,0.0,0.0,0.0,0.0,0.0,0.0,1.0909090909090908,0.9090909090909092,0.6666666666666666
nwb_ca1,28003_2022-Mar-08_15-04-04,28003_Ironwood,2022-03-08,object events,neuropixels_2_20403311113; neuropixels_2_20403311151; neuropixels_2_20403320473,LEC; HP - CA1; MEC - Layer 2,spike-behavior analysis,spike_behavior,True,False,True,True,True,True,False,True,1386.0,0.0,0.0,0.0,1152.0,0,0.0,0.0,0.0,0.0,0.0,0.0,0.0,0.0,0.0,0.8311688311688312,0.9090909090909092,0.6666666666666666
nwb_ca1,28003_2022-Mar-09_07-54-00,28003_Ironwood,2022-03-09,sleep,neuropixels_2_20403311113; neuropixels_2_20403311151; neuropixels_2_20403320473,LEC; HP - CA1; MEC - Layer 2,spike-behavior analysis,spike_behavior,True,False,True,True,True,True,False,True,1598.0,0.0,0.0,0.0,1152.0,0,0.0,0.0,0.0,0.0,0.0,0.0,0.0,0.0,0.0,0.72090112640801,0.9090909090909092,0.6666666666666666
nwb_ca1,28003_2022-Mar-10_10-53-58,28003_Ironwood,2022-03-10,object events,neuropixels_2_20403311113; neuropixels_2_20403311151; neuropixels_2_20403320473,LEC; HP - CA1; MEC - Layer 2,spike-behavior analysis,spike_behavior,True,False,True,True,True,True,False,True,834.0,0.0,0.0,0.0,1152.0,0,0.0,0.0,0.0,0.0,0.0,0.0,0.0,0.0,0.0,1.381294964028777,0.9090909090909092,0.6666666666666666
nwb_ca1,29629_2024-Oct-29_15-05-13,29629_Karri,2024-10-29,"OF, OBJ",20403313322; 20403313401,LEC; HP - CA1,spike-behavior analysis,spike_behavior,True,False,True,True,True,True,False,True,380.0,0.0,0.0,0.0,768.0,0,0.0,0.0,0.0,0.0,0.0,0.0,0.0,0.0,0.0,2.0210526315789474,0.9090909090909092,0.6666666666666666
nwb_ca1,29629_2024-Oct-30_05-40-15,29629_Karri,2024-10-30,sleep,20403313322; 20403313401,LEC; HP - CA1,spike-behavior analysis,spike_behavior,True,False,True,True,True,True,False,True,1009.0,0.0,0.0,0.0,768.0,0,0.0,0.0,0.0,0.0,0.0,0.0,0.0,0.0,0.0,0.7611496531219029,0.9090909090909092,0.6666666666666666
nwb_ca1,29629_2024-Oct-30_15-13-05,29629_Karri,2024-10-30,"OF, OBJ",20403313322; 20403313401,LEC; HP - CA1,spike-behavior analysis,spike_behavior,True,False,True,True,True,True,False,True,396.0,0.0,0.0,0.0,768.0,0,0.0,0.0,0.0,0.0,0.0,0.0,0.0,0.0,0.0,1.9393939393939397,0.9090909090909092,0.6666666666666666
nwb_ca1,29630_2024-Sep-17_07-08-26,29630_Juniper,2024-09-17,sleep,20403313402; 20403313482,LEC; MEC - Layer 2,spike-behavior analysis,spike_behavior,True,False,True,True,True,True,False,True,2728.0,0.0,0.0,0.0,768.0,0,0.0,0.0,0.0,0.0,0.0,0.0,0.0,0.0,0.0,0.281524926686217,0.9090909090909092,0.6666666666666666
nwb_ca1,29630_2024-Sep-17_09-22-08,29630_Juniper,2024-09-17,"OF, OBJ",20403313402; 20403313482,LEC; MEC - Layer 2,spike-behavior analysis,spike_behavior,True,False,True,True,True,True,False,True,2119.0,0.0,0.0,0.0,768.0,0,0.0,0.0,0.0,0.0,0.0,0.0,0.0,0.0,0.0,0.3624351109013686,0.9090909090909092,0.6666666666666666
nwb_ca1,29630_2024-Sep-17_13-26-08,29630_Juniper,2024-09-17,seq1,20403313402; 20403313482,LEC; MEC - Layer 2,spike-behavior analysis,spike_behavior,True,False,True,True,True,True,False,True,6978.0,0.0,0.0,0.0,768.0,0,0.0,0.0,0.0,0.0,0.0,0.0,0.0,0.0,0.0,0.1100601891659501,0.9090909090909092,0.6666666666666666
nwb_ca1,29630_2024-Sep-17_23-09-30,29630_Juniper,2024-09-17,sleep,20403313402; 20403313482,LEC; MEC - Layer 2,spike-behavior analysis,spike_behavior,True,False,True,True,True,True,False,True,2776.0,0.0,0.0,0.0,768.0,0,0.0,0.0,0.0,0.0,0.0,0.0,0.0,0.0,0.0,0.276657060518732,0.9090909090909092,0.6666666666666666
nwb_ca1,29630_2024-Sep-18_10-18-21,29630_Juniper,2024-09-18,"OF, OBJ",20403313402; 20403313482,LEC; MEC - Layer 2,spike-behavior analysis,spike_behavior,True,False,True,True,True,True,False,True,1918.0,0.0,0.0,0.0,768.0,0,0.0,0.0,0.0,0.0,0.0,0.0,0.0,0.0,0.0,0.4004171011470281,0.9090909090909092,0.6666666666666666
nwb_ca1,29630_2024-Sep-18_14-20-12,29630_Juniper,2024-09-18,seq2,20403313402; 20403313482,LEC; MEC - Layer 2,spike-behavior analysis,spike_behavior,True,False,True,True,True,True,False,True,4732.0,0.0,0.0,0.0,768.0,0,0.0,0.0,0.0,0.0,0.0,0.0,0.0,0.0,0.0,0.1622992392223161,0.9090909090909092,0.6666666666666666
nwb_ca1,29630_2024-Sep-18_15-19-16,29630_Juniper,2024-09-18,"OF, OBJ",20403313402; 20403313482,LEC; MEC - Layer 2,spike-behavior analysis,spike_behavior,True,False,True,True,True,True,False,True,2246.0,0.0,0.0,0.0,768.0,0,0.0,0.0,0.0,0.0,0.0,0.0,0.0,0.0,0.0,0.3419412288512912,0.9090909090909092,0.6666666666666666
nwb_ca1,29630_2024-Sep-19_05-09-20,29630_Juniper,2024-09-19,sleep,20403313402; 20403313482,LEC; MEC - Layer 2,spike-behavior analysis,spike_behavior,True,False,True,True,True,True,False,True,2195.0,0.0,0.0,0.0,768.0,0,0.0,0.0,0.0,0.0,0.0,0.0,0.0,0.0,0.0,0.3498861047835991,0.9090909090909092,0.6666666666666666
nwb_ca1,29630_2024-Sep-19_11-15-17,29630_Juniper,2024-09-19,seq1,20403313402; 20403313482,LEC; MEC - Layer 2,spike-behavior analysis,spike_behavior,True,False,True,True,True,True,False,True,5029.0,0.0,0.0,0.0,768.0,0,0.0,0.0,0.0,0.0,0.0,0.0,0.0,0.0,0.0,0.1527142573076158,0.9090909090909092,0.6666666666666666
nwb_ca1,29630_2024-Sep-20_09-49-05,29630_Juniper,2024-09-20,"OF, OBJ",20403313402; 20403313482,LEC; MEC - Layer 2,spike-behavior analysis,spike_behavior,True,False,True,True,True,True,False,True,1749.0,0.0,0.0,0.0,768.0,0,0.0,0.0,0.0,0.0,0.0,0.0,0.0,0.0,0.0,0.4391080617495712,0.9090909090909092,0.6666666666666666
nwb_ca1,29630_2024-Sep-20_10-32-21,29630_Juniper,2024-09-20,seq1,20403313402; 20403313482,LEC; MEC - Layer 2,spike-behavior analysis,spike_behavior,True,False,True,True,True,True,False,True,5744.0,0.0,0.0,0.0,768.0,0,0.0,0.0,0.0,0.0,0.0,0.0,0.0,0.0,0.0,0.1337047353760445,0.9090909090909092,0.6666666666666666
nwb_ca1,29630_2024-Sep-20_13-20-20,29630_Juniper,2024-09-20,seq2,20403313402; 20403313482,LEC; MEC - Layer 2,spike-behavior analysis,spike_behavior,True,False,True,True,True,True,False,True,4461.0,0.0,0.0,0.0,768.0,0,0.0,0.0,0.0,0.0,0.0,0.0,0.0,0.0,0.0,0.1721587088096839,0.9090909090909092,0.6666666666666666
nwb_ca1,29630_2024-Sep-24_14-25-53,29630_Juniper,2024-09-24,seq2,20403313402; 20403313482,LEC; MEC - Layer 2,spike-behavior analysis,spike_behavior,True,False,True,True,True,True,False,True,6523.0,0.0,0.0,0.0,768.0,0,0.0,0.0,0.0,0.0,0.0,0.0,0.0,0.0,0.0,0.1177372374674229,0.9090909090909092,0.6666666666666666
legacy_touchscreen,rat-14_190130,rat-14,190130,touchscreen / tactile-visual task,legacy Neo/NIX,BR; HPC; PR; V2; VIS,spike-behavior analysis,spike_behavior,True,True,True,True,True,True,True,True,5.0,57451.0,13747.0,128.0,0.0,106,13747.0,0.0,0.0,11490.2,0.0,0.0,0.0,129.68867924528303,25.6,0.0,0.9090909090909092,1.0
legacy_touchscreen,rat-14_190131,rat-14,190131,touchscreen / tactile-visual task,legacy Neo/NIX,BR; HPC; PR; PRH; V2; VIS,spike-behavior analysis,spike_behavior,True,True,True,True,True,True,True,True,49.0,2718718.0,22575.0,128.0,0.0,106,22575.0,0.0,0.0,55484.04081632653,0.0,0.0,0.0,212.97169811320757,2.6122448979591835,0.0,0.9090909090909092,1.0
legacy_touchscreen,rat-14_190202,rat-14,190202,touchscreen / tactile-visual task,legacy Neo/NIX,BR; HPC; PR; PRH; V2; VIS,spike-behavior analysis,spike_behavior,True,True,True,True,True,True,True,True,34.0,632989.0,18044.0,128.0,0.0,110,18044.0,0.0,0.0,18617.32352941177,0.0,0.0,0.0,164.03636363636363,3.764705882352941,0.0,0.9090909090909092,1.0
legacy_touchscreen,rat-14_190204,rat-14,190204,touchscreen / tactile-visual task,legacy Neo/NIX,BR; HPC; PR; PRH; V2; VIS,spike-behavior analysis,spike_behavior,True,True,True,True,True,True,True,True,52.0,1129724.0,56857.0,128.0,0.0,79,56857.0,0.0,0.0,21725.46153846154,0.0,0.0,0.0,719.7088607594936,2.4615384615384617,0.0,0.9090909090909092,1.0
legacy_touchscreen,rat-14_190205,rat-14,190205,touchscreen / tactile-visual task,legacy Neo/NIX,BR; HPC; PR; PRH; V2; VIS,spike-behavior analysis,spike_behavior,True,True,True,True,True,True,True,True,43.0,2088251.0,31411.0,127.0,0.0,84,31411.0,0.0,0.0,48563.976744186046,0.0,0.0,0.0,373.9404761904762,2.953488372093023,0.0,0.9090909090909092,1.0
legacy_touchscreen,rat-14_190206,rat-14,190206,touchscreen / tactile-visual task,legacy Neo/NIX,BR; HPC; PR; PRH; V2; VIS,spike-behavior analysis,spike_behavior,True,True,True,True,True,True,True,True,40.0,1372628.0,19240.0,128.0,0.0,97,19240.0,0.0,0.0,34315.7,0.0,0.0,0.0,198.35051546391756,3.2,0.0,0.9090909090909092,1.0
legacy_touchscreen,rat-14_190207,rat-14,190207,touchscreen / tactile-visual task,legacy Neo/NIX,BR; HPC; PR; PRH; V2; VIS,spike-behavior analysis,spike_behavior,True,True,True,True,True,True,True,True,29.0,1117289.0,28063.0,128.0,0.0,74,28063.0,0.0,0.0,38527.206896551725,0.0,0.0,0.0,379.22972972972974,4.413793103448276,0.0,0.9090909090909092,1.0
legacy_touchscreen,rat-16_181012,rat-16,181012,touchscreen / tactile-visual task,legacy Neo/NIX,BR; CA1; CA1 Ventral; CA3; DG; HC_DV; HPC; LEC; MTPa; PR; TEA; V2,spike-behavior analysis,spike_behavior,True,True,True,True,True,True,True,True,86.0,2565589.0,22569.0,128.0,0.0,121,22569.0,0.0,0.0,29832.43023255814,0.0,0.0,0.0,186.5206611570248,1.4883720930232558,0.0,0.9090909090909092,1.0
legacy_touchscreen,rat-16_181013,rat-16,181013,touchscreen / tactile-visual task,legacy Neo/NIX,BR; CA1; CA1 Ventral; CA3; DG; HPC; LEC; PR; TEA; V2,spike-behavior analysis,spike_behavior,True,True,True,True,True,True,True,True,56.0,1055906.0,35667.0,128.0,0.0,143,35667.0,0.0,0.0,18855.464285714286,0.0,0.0,0.0,249.41958041958043,2.2857142857142856,0.0,0.9090909090909092,1.0
legacy_touchscreen,rat-16_181015,rat-16,181015,touchscreen / tactile-visual task,legacy Neo/NIX,BR; CA1; CA1 Ventral; CA3; DG; HC_DV; HPC; PR; V2,spike-behavior analysis,spike_behavior,True,True,True,True,True,True,True,True,25.0,392930.0,22408.0,127.0,0.0,106,22408.0,0.0,0.0,15717.2,0.0,0.0,0.0,211.39622641509436,5.08,0.0,0.9090909090909092,1.0
legacy_touchscreen,rat-16_181016,rat-16,181016,touchscreen / tactile-visual task,legacy Neo/NIX,BR; CA1; CA1 Ventral; CA3; DG; HC_DV; HPC; LEC; PR; TEA; V2,spike-behavior analysis,spike_behavior,True,True,True,True,True,True,True,True,68.0,6029921.0,30563.0,128.0,0.0,119,30563.0,0.0,0.0,88675.30882352941,0.0,0.0,0.0,256.83193277310926,1.8823529411764703,0.0,0.9090909090909092,1.0
legacy_touchscreen,rat-16_181021,rat-16,181021,touchscreen / tactile-visual task,legacy Neo/NIX,BR; CA1; CA1 Ventral; CA3; DG; HC_DV; HPC; PR; TEA; V2,spike-behavior analysis,spike_behavior,True,True,True,True,True,True,True,True,43.0,1338586.0,36563.0,128.0,0.0,161,36563.0,0.0,0.0,31129.906976744187,0.0,0.0,0.0,227.0993788819876,2.976744186046512,0.0,0.9090909090909092,1.0
legacy_touchscreen,rat-16_181022,rat-16,181022,touchscreen / tactile-visual task,legacy Neo/NIX,BR; CA1; CA1 Ventral; CA3; HPC; PR; V2,spike-behavior analysis,spike_behavior,True,True,True,True,True,True,True,True,22.0,1129042.0,52095.0,128.0,0.0,214,52095.0,0.0,0.0,51320.09090909091,0.0,0.0,0.0,243.43457943925236,5.818181818181818,0.0,0.9090909090909092,1.0
legacy_touchscreen,rat-16_181023,rat-16,181023,touchscreen / tactile-visual task,legacy Neo/NIX,BR; CA1; CA1 Ventral; CA3; DG; HPC; LEC; PR; V2,spike-behavior analysis,spike_behavior,True,True,True,True,True,True,True,True,17.0,1913715.0,53536.0,128.0,0.0,194,53536.0,0.0,0.0,112571.4705882353,0.0,0.0,0.0,275.9587628865979,7.529411764705882,0.0,0.9090909090909092,1.0
legacy_touchscreen,rat-16_181024,rat-16,181024,touchscreen / tactile-visual task,legacy Neo/NIX,BR; CA1; CA1 Ventral; CA3; DG; HPC; LEC; PR; V2,spike-behavior analysis,spike_behavior,True,True,True,True,True,True,True,True,65.0,1414973.0,42326.0,128.0,0.0,137,42326.0,0.0,0.0,21768.815384615384,0.0,0.0,0.0,308.94890510948903,1.9692307692307691,0.0,0.9090909090909092,1.0
legacy_touchscreen,rat-16_181025,rat-16,181025,touchscreen / tactile-visual task,legacy Neo/NIX,BR; CA1; CA1 Ventral; CA3; DG; HPC; PR; TEA; V2,spike-behavior analysis,spike_behavior,True,True,True,True,True,True,True,True,59.0,948536.0,36886.0,128.0,0.0,160,36886.0,0.0,0.0,16076.881355932202,0.0,0.0,0.0,230.5375,2.169491525423729,0.0,0.9090909090909092,1.0
legacy_touchscreen,rat-16_181029,rat-16,181029,touchscreen / tactile-visual task,legacy Neo/NIX,BR; CA1; CA1 Ventral; CA3; DG; HC_DV; HPC; LEC; PR; TEA; V2,spike-behavior analysis,spike_behavior,True,True,True,True,True,True,True,True,55.0,1942212.0,38106.0,128.0,0.0,215,38106.0,0.0,0.0,35312.94545454546,0.0,0.0,0.0,177.23720930232557,2.327272727272727,0.0,0.9090909090909092,1.0
legacy_touchscreen,rat-26_190625,rat-26,190625,touchscreen / tactile-visual task,legacy Neo/NIX,AU; BR; HPC; PR; PRH; V2; VIS,spike-behavior analysis,spike_behavior,True,True,True,True,True,True,True,True,53.0,630073.0,41261.0,128.0,0.0,144,41261.0,0.0,0.0,11888.169811320757,0.0,0.0,0.0,286.53472222222223,2.4150943396226414,0.0,0.9090909090909092,1.0
legacy_touchscreen,rat-26_190626,rat-26,190626,touchscreen / tactile-visual task,legacy Neo/NIX,AU; BR; HPC; PR; PRH; V2; VIS,spike-behavior analysis,spike_behavior,True,True,True,True,True,True,True,True,40.0,1448402.0,52959.0,128.0,0.0,197,52959.0,0.0,0.0,36210.05,0.0,0.0,0.0,268.8274111675127,3.2,0.0,0.9090909090909092,1.0
legacy_touchscreen,rat-26_190627,rat-26,190627,touchscreen / tactile-visual task,legacy Neo/NIX,AU; BR; HPC; PR; PRH; V2; VIS,spike-behavior analysis,spike_behavior,True,True,True,True,True,True,True,True,59.0,584229.0,32928.0,128.0,0.0,108,32928.0,0.0,0.0,9902.186440677966,0.0,0.0,0.0,304.8888888888889,2.169491525423729,0.0,0.9090909090909092,1.0
legacy_touchscreen,rat-26_190702,rat-26,190702,touchscreen / tactile-visual task,legacy Neo/NIX,AU; BR; HPC; PR; PRH; V2; VIS,spike-behavior analysis,spike_behavior,True,True,True,True,True,True,True,True,25.0,1161229.0,93840.0,128.0,0.0,274,93840.0,0.0,0.0,46449.16,0.0,0.0,0.0,342.48175182481754,5.12,0.0,0.9090909090909092,1.0
legacy_touchscreen,rat-27_191128,rat-27,191128,touchscreen / tactile-visual task,legacy Neo/NIX,BR; Broken; TODO; V2; VIS; unkown,spike-behavior analysis,spike_behavior,True,True,True,True,True,True,True,True,48.0,720672.0,9604.0,112.0,0.0,69,9604.0,0.0,0.0,15014.0,0.0,0.0,0.0,139.18840579710144,2.333333333333333,0.0,0.9090909090909092,1.0
legacy_touchscreen,rat-27_191204,rat-27,191204,touchscreen / tactile-visual task,legacy Neo/NIX,BR; Broken; PR; TODO; V2; unkown,spike-behavior analysis,spike_behavior,True,True,True,True,True,True,True,True,49.0,604432.0,41783.0,128.0,0.0,160,41783.0,0.0,0.0,12335.34693877551,0.0,0.0,0.0,261.14375,2.6122448979591835,0.0,0.9090909090909092,1.0
legacy_touchscreen,rat-27_191209,rat-27,191209,touchscreen / tactile-visual task,legacy Neo/NIX,BR; Broken; PR; V2; VIS; unkown,spike-behavior analysis,spike_behavior,True,True,True,True,True,True,True,True,89.0,1851888.0,56694.0,128.0,0.0,212,56694.0,0.0,0.0,20807.73033707865,0.0,0.0,0.0,267.4245283018868,1.4382022471910112,0.0,0.9090909090909092,1.0
legacy_touchscreen,rat-27_191210,rat-27,191210,touchscreen / tactile-visual task,legacy Neo/NIX,BR; Broken; PR; V2; VIS; unkown,spike-behavior analysis,spike_behavior,True,True,True,True,True,True,True,True,102.0,1760563.0,35086.0,128.0,0.0,164,35086.0,0.0,0.0,17260.42156862745,0.0,0.0,0.0,213.9390243902439,1.2549019607843137,0.0,0.9090909090909092,1.0
touchandsee,Ramachandran_samp20_2012-08-09,Ramachandran,2012-08-09,TouchAndSee,Neo pickle,,spike-behavior analysis,spike_behavior,True,True,True,False,True,False,True,False,910.0,283058.0,210.0,105.0,0.0,35,210.0,0.0,0.0,311.0527472527473,0.0,0.0,0.0,6.0,0.1153846153846153,0.0,0.6363636363636364,0.8333333333333334
touchandsee,Ramachandran_samp21_2012-08-10,Ramachandran,2012-08-10,TouchAndSee,Neo pickle,,LFP-behavior analysis,lfp_only,False,True,True,False,False,False,True,False,2050.0,0.0,300.0,150.0,0.0,50,300.0,0.0,0.0,0.0,0.0,0.0,0.0,6.0,0.073170731707317,0.0,0.4545454545454545,0.5
touchandsee,Ramachandran_samp22_2012-08-11,Ramachandran,2012-08-11,TouchAndSee,Neo pickle,,LFP-behavior analysis,lfp_only,False,True,True,False,False,False,True,False,1014.0,0.0,234.0,117.0,0.0,39,234.0,0.0,0.0,0.0,0.0,0.0,0.0,6.0,0.1153846153846153,0.0,0.4545454545454545,0.5
touchandsee,Ramachandran_samp23_2012-08-12,Ramachandran,2012-08-12,TouchAndSee,Neo pickle,,LFP-behavior analysis,lfp_only,False,True,True,False,False,False,True,False,768.0,0.0,192.0,96.0,0.0,32,192.0,0.0,0.0,0.0,0.0,0.0,0.0,6.0,0.125,0.0,0.4545454545454545,0.5
touchandsee,Ramachandran_samp24_2012-08-13,Ramachandran,2012-08-13,TouchAndSee,Neo pickle,,LFP-behavior analysis,lfp_only,False,True,True,False,False,False,True,False,1496.0,0.0,264.0,132.0,0.0,44,264.0,0.0,0.0,0.0,0.0,0.0,0.0,6.0,0.088235294117647,0.0,0.4545454545454545,0.5
touchandsee,Ramachandran_samp25_2012-08-14,Ramachandran,2012-08-14,TouchAndSee,Neo pickle,,LFP-behavior analysis,lfp_only,False,True,True,False,False,False,True,False,378.0,0.0,324.0,162.0,0.0,54,324.0,0.0,0.0,0.0,0.0,0.0,0.0,6.0,0.4285714285714285,0.0,0.4545454545454545,0.5
touchandsee,Ramachandran_samp26_2012-08-15,Ramachandran,2012-08-15,TouchAndSee,Neo pickle,,LFP-behavior analysis,lfp_only,False,True,True,False,False,False,True,False,1560.0,0.0,312.0,156.0,0.0,52,312.0,0.0,0.0,0.0,0.0,0.0,0.0,6.0,0.1,0.0,0.4545454545454545,0.5
touchandsee,Ramachandran_samp27_2012-08-16,Ramachandran,2012-08-16,TouchAndSee,Neo pickle,,LFP-behavior analysis,lfp_only,False,True,True,False,False,False,True,False,2256.0,0.0,288.0,144.0,0.0,48,288.0,0.0,0.0,0.0,0.0,0.0,0.0,6.0,0.0638297872340425,0.0,0.4545454545454545,0.5
touchandsee,Ramachandran_samp28_2012-08-17,Ramachandran,2012-08-17,TouchAndSee,Neo pickle,,LFP-behavior analysis,lfp_only,False,True,True,False,False,False,True,False,4700.0,0.0,282.0,141.0,0.0,47,282.0,0.0,0.0,0.0,0.0,0.0,0.0,6.0,0.03,0.0,0.4545454545454545,0.5
touchandsee,Ramachandran_samp29_2012-08-18,Ramachandran,2012-08-18,TouchAndSee,Neo pickle,,LFP-behavior analysis,lfp_only,False,True,True,False,False,False,True,False,2277.0,0.0,198.0,99.0,0.0,33,198.0,0.0,0.0,0.0,0.0,0.0,0.0,6.0,0.0434782608695652,0.0,0.4545454545454545,0.5
touchandsee,Ramachandran_samp30_2012-08-20,Ramachandran,2012-08-20,TouchAndSee,Neo pickle,,LFP-behavior analysis,lfp_only,False,True,True,False,False,False,True,False,2835.0,0.0,270.0,135.0,0.0,45,270.0,0.0,0.0,0.0,0.0,0.0,0.0,6.0,0.0476190476190476,0.0,0.4545454545454545,0.5
touchandsee,Ramachandran_samp31_2012-08-21,Ramachandran,2012-08-21,TouchAndSee,Neo pickle,,LFP-behavior analysis,lfp_only,False,True,True,False,False,False,True,False,1728.0,0.0,216.0,108.0,0.0,36,216.0,0.0,0.0,0.0,0.0,0.0,0.0,6.0,0.0625,0.0,0.4545454545454545,0.5
touchandsee,Ramachandran_samp32_2012-08-22,Ramachandran,2012-08-22,TouchAndSee,Neo pickle,,LFP-behavior analysis,lfp_only,False,True,True,False,False,False,True,False,896.0,0.0,192.0,96.0,0.0,32,192.0,0.0,0.0,0.0,0.0,0.0,0.0,6.0,0.1071428571428571,0.0,0.4545454545454545,0.5
touchandsee,Ramachandran_samp33_2012-08-22,Ramachandran,2012-08-22,TouchAndSee,Neo pickle,,LFP-behavior analysis,lfp_only,False,True,True,False,False,False,True,False,420.0,0.0,210.0,105.0,0.0,35,210.0,0.0,0.0,0.0,0.0,0.0,0.0,6.0,0.25,0.0,0.4545454545454545,0.5
touchandsee,Taskmaster_samp1_2012-01-03,Taskmaster,2012-01-03,TouchAndSee,Neo pickle,,LFP-behavior analysis,lfp_only,False,True,True,False,False,False,True,False,4368.0,0.0,468.0,234.0,0.0,78,468.0,0.0,0.0,0.0,0.0,0.0,0.0,6.0,0.0535714285714285,0.0,0.4545454545454545,0.5
touchandsee,Taskmaster_samp10_2012-01-15,Taskmaster,2012-01-15,TouchAndSee,Neo pickle,,LFP-behavior analysis,lfp_only,False,True,True,False,False,False,True,False,4950.0,0.0,450.0,225.0,0.0,75,450.0,0.0,0.0,0.0,0.0,0.0,0.0,6.0,0.0454545454545454,0.0,0.4545454545454545,0.5
touchandsee,Taskmaster_samp11_2012-01-16,Taskmaster,2012-01-16,TouchAndSee,Neo pickle,,LFP-behavior analysis,lfp_only,False,True,True,False,False,False,True,False,4092.0,0.0,372.0,186.0,0.0,62,372.0,0.0,0.0,0.0,0.0,0.0,0.0,6.0,0.0454545454545454,0.0,0.4545454545454545,0.5
touchandsee,Taskmaster_samp12_2012-01-17,Taskmaster,2012-01-17,TouchAndSee,Neo pickle,,LFP-behavior analysis,lfp_only,False,True,True,False,False,False,True,False,3139.0,0.0,438.0,219.0,0.0,73,438.0,0.0,0.0,0.0,0.0,0.0,0.0,6.0,0.0697674418604651,0.0,0.4545454545454545,0.5
touchandsee,Taskmaster_samp13_2012-01-18,Taskmaster,2012-01-18,TouchAndSee,Neo pickle,,LFP-behavior analysis,lfp_only,False,True,True,False,False,False,True,False,2900.0,0.0,348.0,174.0,0.0,58,348.0,0.0,0.0,0.0,0.0,0.0,0.0,6.0,0.06,0.0,0.4545454545454545,0.5
touchandsee,Taskmaster_samp14_2011-12-22,Taskmaster,2011-12-22,TouchAndSee,Neo pickle,,LFP-behavior analysis,lfp_only,False,True,True,False,False,False,True,False,310.0,0.0,186.0,93.0,0.0,31,186.0,0.0,0.0,0.0,0.0,0.0,0.0,6.0,0.3,0.0,0.4545454545454545,0.5
touchandsee,Taskmaster_samp15_2011-12-23,Taskmaster,2011-12-23,TouchAndSee,Neo pickle,,LFP-behavior analysis,lfp_only,False,True,True,False,False,False,True,False,1296.0,0.0,216.0,108.0,0.0,36,216.0,0.0,0.0,0.0,0.0,0.0,0.0,6.0,0.0833333333333333,0.0,0.4545454545454545,0.5
touchandsee,Taskmaster_samp16_2011-12-24,Taskmaster,2011-12-24,TouchAndSee,Neo pickle,,LFP-behavior analysis,lfp_only,False,True,True,False,False,False,True,False,3233.0,0.0,366.0,183.0,0.0,61,366.0,0.0,0.0,0.0,0.0,0.0,0.0,6.0,0.0566037735849056,0.0,0.4545454545454545,0.5
touchandsee,Taskmaster_samp17_2011-12-25,Taskmaster,2011-12-25,TouchAndSee,Neo pickle,,LFP-behavior analysis,lfp_only,False,True,True,False,False,False,True,False,4355.0,0.0,390.0,195.0,0.0,65,390.0,0.0,0.0,0.0,0.0,0.0,0.0,6.0,0.044776119402985,0.0,0.4545454545454545,0.5
touchandsee,Taskmaster_samp18_2011-12-29,Taskmaster,2011-12-29,TouchAndSee,Neo pickle,,LFP-behavior analysis,lfp_only,False,True,True,False,False,False,True,False,4500.0,0.0,600.0,300.0,0.0,100,600.0,0.0,0.0,0.0,0.0,0.0,0.0,6.0,0.0666666666666666,0.0,0.4545454545454545,0.5
touchandsee,Taskmaster_samp19_2011-12-30,Taskmaster,2011-12-30,TouchAndSee,Neo pickle,,LFP-behavior analysis,lfp_only,False,True,True,False,False,False,True,False,3916.0,0.0,534.0,267.0,0.0,89,534.0,0.0,0.0,0.0,0.0,0.0,0.0,6.0,0.0681818181818181,0.0,0.4545454545454545,0.5
touchandsee,Taskmaster_samp2_2012-01-03,Taskmaster,2012-01-03,TouchAndSee,Neo pickle,,LFP-behavior analysis,lfp_only,False,True,True,False,False,False,True,False,4408.0,0.0,456.0,228.0,0.0,76,456.0,0.0,0.0,0.0,0.0,0.0,0.0,6.0,0.0517241379310344,0.0,0.4545454545454545,0.5
touchandsee,Taskmaster_samp3_2012-01-04,Taskmaster,2012-01-04,TouchAndSee,Neo pickle,,LFP-behavior analysis,lfp_only,False,True,True,False,False,False,True,False,4275.0,0.0,450.0,225.0,0.0,75,450.0,0.0,0.0,0.0,0.0,0.0,0.0,6.0,0.0526315789473684,0.0,0.4545454545454545,0.5
touchandsee,Taskmaster_samp4_2012-01-05,Taskmaster,2012-01-05,TouchAndSee,Neo pickle,,LFP-behavior analysis,lfp_only,False,True,True,False,False,False,True,False,4582.0,0.0,474.0,237.0,0.0,79,474.0,0.0,0.0,0.0,0.0,0.0,0.0,6.0,0.0517241379310344,0.0,0.4545454545454545,0.5
touchandsee,Taskmaster_samp5_2012-01-06,Taskmaster,2012-01-06,TouchAndSee,Neo pickle,,LFP-behavior analysis,lfp_only,False,True,True,False,False,False,True,False,4275.0,0.0,342.0,171.0,0.0,57,342.0,0.0,0.0,0.0,0.0,0.0,0.0,6.0,0.04,0.0,0.4545454545454545,0.5
touchandsee,Taskmaster_samp6_2012-01-10,Taskmaster,2012-01-10,TouchAndSee,Neo pickle,,LFP-behavior analysis,lfp_only,False,True,True,False,False,False,True,False,4992.0,0.0,468.0,234.0,0.0,78,468.0,0.0,0.0,0.0,0.0,0.0,0.0,6.0,0.046875,0.0,0.4545454545454545,0.5
touchandsee,Taskmaster_samp7_2012-01-11,Taskmaster,2012-01-11,TouchAndSee,Neo pickle,,LFP-behavior analysis,lfp_only,False,True,True,False,False,False,True,False,6052.0,0.0,534.0,267.0,0.0,89,534.0,0.0,0.0,0.0,0.0,0.0,0.0,6.0,0.0441176470588235,0.0,0.4545454545454545,0.5
touchandsee,Taskmaster_samp8_2012-01-12,Taskmaster,2012-01-12,TouchAndSee,Neo pickle,,LFP-behavior analysis,lfp_only,False,True,True,False,False,False,True,False,4800.0,0.0,450.0,225.0,0.0,75,450.0,0.0,0.0,0.0,0.0,0.0,0.0,6.0,0.046875,0.0,0.4545454545454545,0.5
touchandsee,Taskmaster_samp9_2012-01-14,Taskmaster,2012-01-14,TouchAndSee,Neo pickle,,LFP-behavior analysis,lfp_only,False,True,True,False,False,False,True,False,3696.0,0.0,462.0,231.0,0.0,77,462.0,0.0,0.0,0.0,0.0,0.0,0.0,6.0,0.0625,0.0,0.4545454545454545,0.5
touchandsee,Turing_samp34_2012-09-14,Turing,2012-09-14,TouchAndSee,Neo pickle,,LFP-behavior analysis,lfp_only,False,True,True,False,False,False,True,False,1092.0,0.0,312.0,156.0,0.0,52,312.0,0.0,0.0,0.0,0.0,0.0,0.0,6.0,0.1428571428571428,0.0,0.4545454545454545,0.5
touchandsee,Turing_samp35_2012-09-15,Turing,2012-09-15,TouchAndSee,Neo pickle,,LFP-behavior analysis,lfp_only,False,True,True,False,False,False,True,False,48.0,0.0,12.0,6.0,0.0,2,12.0,0.0,0.0,0.0,0.0,0.0,0.0,6.0,0.125,0.0,0.4545454545454545,0.5
touchandsee,Turing_samp36_2012-09-15,Turing,2012-09-15,TouchAndSee,Neo pickle,,LFP-behavior analysis,lfp_only,False,True,True,False,False,False,True,False,980.0,0.0,294.0,147.0,0.0,49,294.0,0.0,0.0,0.0,0.0,0.0,0.0,6.0,0.15,0.0,0.4545454545454545,0.5
touchandsee,Turing_samp37_2012-09-16,Turing,2012-09-16,TouchAndSee,Neo pickle,,LFP-behavior analysis,lfp_only,False,True,True,False,False,False,True,False,780.0,0.0,468.0,234.0,0.0,78,468.0,0.0,0.0,0.0,0.0,0.0,0.0,6.0,0.3,0.0,0.4545454545454545,0.5
touchandsee,Turing_samp38_2012-09-17,Turing,2012-09-17,TouchAndSee,Neo pickle,,LFP-behavior analysis,lfp_only,False,True,True,False,False,False,True,False,864.0,0.0,288.0,144.0,0.0,48,288.0,0.0,0.0,0.0,0.0,0.0,0.0,6.0,0.1666666666666666,0.0,0.4545454545454545,0.5
touchandsee,Turing_samp39_2012-09-18,Turing,2012-09-18,TouchAndSee,Neo pickle,,LFP-behavior analysis,lfp_only,False,True,True,False,False,False,True,False,650.0,0.0,390.0,195.0,0.0,65,390.0,0.0,0.0,0.0,0.0,0.0,0.0,6.0,0.3,0.0,0.4545454545454545,0.5
touchandsee,Turing_samp40_2012-09-19,Turing,2012-09-19,TouchAndSee,Neo pickle,,LFP-behavior analysis,lfp_only,False,True,True,False,False,False,True,False,345.0,0.0,138.0,69.0,0.0,23,138.0,0.0,0.0,0.0,0.0,0.0,0.0,6.0,0.2,0.0,0.4545454545454545,0.5
touchandsee,Turing_samp41_2012-09-19,Turing,2012-09-19,TouchAndSee,Neo pickle,,LFP-behavior analysis,lfp_only,False,True,True,False,False,False,True,False,234.0,0.0,156.0,78.0,0.0,26,156.0,0.0,0.0,0.0,0.0,0.0,0.0,6.0,0.3333333333333333,0.0,0.4545454545454545,0.5
touchandsee,Turing_samp42_2012-09-20,Turing,2012-09-20,TouchAndSee,Neo pickle,,LFP-behavior analysis,lfp_only,False,True,True,False,False,False,True,False,378.0,0.0,162.0,81.0,0.0,27,162.0,0.0,0.0,0.0,0.0,0.0,0.0,6.0,0.2142857142857142,0.0,0.4545454545454545,0.5
touchandsee,Turing_samp43_2012-09-21,Turing,2012-09-21,TouchAndSee,Neo pickle,,LFP-behavior analysis,lfp_only,False,True,True,False,False,False,True,False,1083.0,0.0,342.0,171.0,0.0,57,342.0,0.0,0.0,0.0,0.0,0.0,0.0,6.0,0.1578947368421052,0.0,0.4545454545454545,0.5
touchandsee,Turing_samp44_2012-09-22,Turing,2012-09-22,TouchAndSee,Neo pickle,,LFP-behavior analysis,lfp_only,False,True,True,False,False,False,True,False,972.0,0.0,324.0,162.0,0.0,54,324.0,0.0,0.0,0.0,0.0,0.0,0.0,6.0,0.1666666666666666,0.0,0.4545454545454545,0.5
touchandsee,Turing_samp45_2012-09-25,Turing,2012-09-25,TouchAndSee,Neo pickle,,LFP-behavior analysis,lfp_only,False,True,True,False,False,False,True,False,900.0,0.0,300.0,150.0,0.0,50,300.0,0.0,0.0,0.0,0.0,0.0,0.0,6.0,0.1666666666666666,0.0,0.4545454545454545,0.5
touchandsee,Turing_samp46_2012-09-26,Turing,2012-09-26,TouchAndSee,Neo pickle,,LFP-behavior analysis,lfp_only,False,True,True,False,False,False,True,False,336.0,0.0,288.0,144.0,0.0,48,288.0,0.0,0.0,0.0,0.0,0.0,0.0,6.0,0.4285714285714285,0.0,0.4545454545454545,0.5
