dataset_short_name,session_id,subject_id,metadata_profile_label,cluster,pca_1,pca_2
openfield_ca1,24101_2018-03-22,24101,spike+LFP ephys profile,0,-0.31849893788576655,-3.3517995184798397
openfield_ca1,24101_2018-03-24,24101,spike+LFP ephys profile,0,-0.4431669600174044,-3.244796785760794
openfield_ca1,24101_2018-03-26,24101,spike+LFP ephys profile,0,-0.504693712994558,-3.1808201301665684
openfield_ca1,24101_2018-03-27,24101,spike+LFP ephys profile,0,-0.4877785860799786,-3.2228887836862086
openfield_ca1,24101_2018-04-03,24101,spike+LFP ephys profile,0,-0.4944638398814786,-3.214484061014664
openfield_ca1,24101_2018-04-04,24101,spike+LFP ephys profile,0,-0.5064502802959738,-3.2179709302877835
openfield_ca1,24101_2018-04-05,24101,spike+LFP ephys profile,0,-0.5075208210586625,-3.171668789015724
openfield_ca1,24101_2018-04-06,24101,spike+LFP ephys profile,0,-0.5293343244547419,-3.1629568774533983
openfield_ca1,24101_2018-04-11,24101,spike+LFP ephys profile,0,-0.5678704404608278,-3.1282887905521104
openfield_ca1,24101_2018-04-13,24101,spike+LFP ephys profile,0,-0.5833306817172357,-3.100206114783271
openfield_ca1,24101_2018-04-17,24101,spike+LFP ephys profile,0,-0.5312345787509006,-3.1117736080491802
openfield_ca1,24101_2018-04-18,24101,spike+LFP ephys profile,0,-0.4349543729716449,-3.2253587417950778
openfield_ca1,24101_2018-04-23,24101,spike+LFP ephys profile,0,-0.47770403794307564,-3.2142409524457096
openfield_ca1,24101_2018-04-24,24101,spike+LFP ephys profile,0,-0.5042053859127681,-3.22615560078466
openfield_ca1,24101_2018-04-25,24101,spike+LFP ephys profile,0,-0.49281659412547074,-3.1918533063281807
openfield_ca1,24101_2018-04-30,24101,spike+LFP ephys profile,0,-0.4454050971072349,-3.3125732774557703
openfield_ca1,24101_2018-05-02,24101,spike+LFP ephys profile,0,-0.4093326490363916,-3.340053359803218
openfield_ca1,24101_2018-05-03,24101,spike+LFP ephys profile,0,-0.48050639539939133,-3.264425163993048
openfield_ca1,24101_2018-05-04,24101,spike+LFP ephys profile,0,-0.4876731545841228,-3.27725141879739
openfield_ca1,24101_2018-05-07,24101,spike+LFP ephys profile,0,-0.4426947704336389,-3.3168432651739206
openfield_ca1,24101_2018-05-08,24101,spike+LFP ephys profile,0,-0.45983904813335835,-3.27726011670576
openfield_ca1,24116_2018-04-03,24116,navigation/open-field ephys profile,0,-1.1113909446320567,-2.4295852785906833
openfield_ca1,24116_2018-04-05,24116,navigation/open-field ephys profile,0,-1.1020284629275405,-2.4246381551376905
openfield_ca1,24116_2018-04-06,24116,navigation/open-field ephys profile,0,-1.1327942534542037,-2.3996083118810034
openfield_ca1,24116_2018-04-19,24116,navigation/open-field ephys profile,0,-1.1313656767753497,-2.450706953628975
openfield_ca1,24116_2018-04-20,24116,navigation/open-field ephys profile,0,-1.1214973950693392,-2.4177874662711223
openfield_ca1,24116_2018-04-22,24116,navigation/open-field ephys profile,0,-1.130062933057437,-2.4463611458551426
openfield_ca1,24116_2018-04-25,24116,navigation/open-field ephys profile,0,-1.128635768707041,-2.441600284725505
openfield_ca1,24116_2018-04-26,24116,navigation/open-field ephys profile,0,-1.1250347941868557,-2.4295878352713136
openfield_ca1,24116_2018-04-27,24116,navigation/open-field ephys profile,0,-1.1214121952036396,-2.417503249019796
openfield_ca1,24116_2018-04-30,24116,navigation/open-field ephys profile,0,-1.1338459525935312,-2.458980877182544
openfield_ca1,24116_2018-05-02,24116,navigation/open-field ephys profile,0,-1.124200793704706,-2.426805702662367
openfield_ca1,24116_2018-05-03,24116,navigation/open-field ephys profile,0,-1.118844471204733,-2.4089376080866858
openfield_ca1,24116_2018-05-04,24116,navigation/open-field ephys profile,0,-1.1127684113010288,-2.3886685497901725
openfield_ca1,25398_2019-04-29,25398,navigation/open-field ephys profile,0,-1.233183419490413,-2.554747223506681
openfield_ca1,25398_2019-04-30,25398,navigation/open-field ephys profile,0,-1.2280903098232352,-2.5377571775903087
openfield_ca1,25398_2019-05-01,25398,navigation/open-field ephys profile,0,-1.2118426774743414,-2.483556887850031
openfield_ca1,25398_2019-05-02,25398,navigation/open-field ephys profile,0,-1.2354584665366697,-2.562336526762198
openfield_ca1,25398_2019-05-03,25398,navigation/open-field ephys profile,0,-1.1159056978084803,-2.543807269184377
openfield_ca1,25398_2019-05-06,25398,navigation/open-field ephys profile,0,-1.2282198671043316,-2.538189366233098
openfield_ca1,25398_2019-05-07,25398,navigation/open-field ephys profile,0,-1.2362346998592542,-2.564925954568459
openfield_ca1,25398_2019-05-08,25398,navigation/open-field ephys profile,0,-1.239223352234732,-2.57489576562803
openfield_ca1,25398_2019-05-09,25398,navigation/open-field ephys profile,0,-1.2368257952328878,-2.5668977828217767
openfield_ca1,25398_2019-05-10,25398,navigation/open-field ephys profile,0,-1.2285385399797222,-2.539252423410146
openfield_ca1,25398_2019-05-11,25398,navigation/open-field ephys profile,0,-1.2337374924999729,-2.556595549281819
openfield_ca1,25398_2019-05-14,25398,navigation/open-field ephys profile,0,-1.2487346901053122,-2.606624528153742
openfield_ca1,25398_2019-05-15,25398,navigation/open-field ephys profile,0,-1.2425975297077518,-2.5861516454230493
openfield_ca1,25398_2019-05-16,25398,navigation/open-field ephys profile,0,-1.1926610234423567,-2.574173366723004
openfield_ca1,25398_2019-06-21,25398,navigation/open-field ephys profile,0,-1.2394859142861498,-2.5757716433532316
openfield_ca1,25398_2019-06-24,25398,navigation/open-field ephys profile,0,-1.1142179718820104,-2.643251821897121
openfield_ca1,25398_2019-06-25,25398,navigation/open-field ephys profile,0,-1.0746236481500007,-2.717388278758149
openfield_ca1,25398_2019-06-27,25398,navigation/open-field ephys profile,0,-1.256046719552799,-2.631016643025187
openfield_ca1,25398_2019-06-28,25398,navigation/open-field ephys profile,0,-1.241648929594937,-2.5829872212252214
openfield_ca1,25398_2019-07-02,25398,navigation/open-field ephys profile,0,-1.148403316788026,-2.610766042708301
openfield_ca1,25398_2019-07-03,25398,navigation/open-field ephys profile,0,-1.1515718900511538,-2.5436030161731753
openfield_ca1,25398_2019-07-04,25398,navigation/open-field ephys profile,0,-1.0110493406904373,-2.63130758421316
openfield_ca1,25398_2019-07-30,25398,navigation/open-field ephys profile,0,-1.2241380093549692,-2.5245727439497223
openfield_ca1,25398_2019-07-31,25398,navigation/open-field ephys profile,0,-1.0658380652297186,-2.698315578155952
openfield_ca1,25398_2019-08-01,25398,navigation/open-field ephys profile,0,-1.231523113225101,-2.5492086269465717
openfield_ca1,25398_2019-08-02,25398,navigation/open-field ephys profile,0,-1.231873282424475,-2.5503767523482694
openfield_ca1,25398_2019-08-07,25398,navigation/open-field ephys profile,0,-1.233277977507127,-2.5550626585062615
openfield_ca1,25398_2019-08-08,25398,navigation/open-field ephys profile,0,-1.2304226940571934,-2.545537751310319
openfield_ca1,25398_2019-08-09,25398,navigation/open-field ephys profile,0,-1.2197505741117078,-2.5099367492216857
openfield_ca1,25398_2019-08-13,25398,navigation/open-field ephys profile,0,-1.222596662249874,-2.5194309818829423
openfield_ca1,25398_2019-08-14,25398,navigation/open-field ephys profile,0,-1.2120737570807911,-2.484327743649431
openfield_ca1,25398_2019-08-15,25398,navigation/open-field ephys profile,0,-1.2090192299492275,-2.4741381817492587
openfield_ca1,25398_2019-09-03,25398,navigation/open-field ephys profile,0,-1.2190619616211575,-2.507639614740481
openfield_ca1,25398_2019-09-04,25398,navigation/open-field ephys profile,0,-1.2164624136353033,-2.4989678125356107
openfield_ca1,25398_2019-09-16,25398,navigation/open-field ephys profile,0,-1.226308287195451,-2.5318125488175993
openfield_ca1,25398_2019-09-17,25398,navigation/open-field ephys profile,0,-1.2179400714413215,-2.50389711420267
openfield_ca1,25398_2019-09-18,25398,navigation/open-field ephys profile,0,-1.2324367491123498,-2.552256414386775
openfield_ca1,25398_2019-09-19,25398,navigation/open-field ephys profile,0,-1.2334688142333907,-2.5556992685448496
openfield_ca1,25398_2019-09-20,25398,navigation/open-field ephys profile,0,-1.2286163325042452,-2.5395119305973006
openfield_ca1,25398_2019-10-07,25398,navigation/open-field ephys profile,0,-1.2258324634867157,-2.5302252539844234
openfield_ca1,25398_2019-10-08,25398,navigation/open-field ephys profile,0,-1.22447817017916,-2.525707482527844
openfield_ca1,25398_2019-10-09,25398,navigation/open-field ephys profile,0,-1.1330865791973104,-2.6049379043649403
openfield_ca1,25398_2019-10-10,25398,navigation/open-field ephys profile,0,-1.160703091849997,-2.5525484701849046
openfield_ca1,25398_2019-10-23,25398,navigation/open-field ephys profile,0,-1.1023207940594855,-2.555496226441686
openfield_ca1,25398_2019-10-24,25398,navigation/open-field ephys profile,0,-1.2250737104277554,-2.5276941383883855
openfield_ca1,26019_2020-01-06,26019,navigation/open-field ephys profile,0,-1.2151858463163143,-2.4947093263096534
openfield_ca1,26019_2020-01-07,26019,navigation/open-field ephys profile,0,-1.2039921422480375,-2.457368377749303
openfield_ca1,26019_2020-01-08,26019,navigation/open-field ephys profile,0,-1.2030223360820167,-2.4541332125226716
openfield_ca1,26019_2020-01-09,26019,navigation/open-field ephys profile,0,-1.2096726474053328,-2.476317909520158
openfield_ca1,26019_2020-01-10,26019,navigation/open-field ephys profile,0,-1.2187319025514827,-2.5065385744889763
openfield_ca1,26019_2020-01-13,26019,navigation/open-field ephys profile,0,-1.2118245510673546,-2.4834964201776013
openfield_ca1,26019_2020-01-14,26019,navigation/open-field ephys profile,0,-1.2055733608105887,-2.462643146552083
openfield_ca1,26019_2020-01-15,26019,navigation/open-field ephys profile,0,-1.2021552681662921,-2.451240770642673
openfield_ca1,26019_2020-01-16,26019,navigation/open-field ephys profile,0,-1.2019686742559446,-2.4506183141648648
openfield_ca1,26019_2020-01-17,26019,navigation/open-field ephys profile,0,-1.2128232347357066,-2.4868279175318753
openfield_ca1,26019_2020-01-20,26019,navigation/open-field ephys profile,0,-1.1974980256753955,-2.435704729022767
openfield_ca1,26019_2020-01-21,26019,navigation/open-field ephys profile,0,-1.2011629146515908,-2.4479303899750993
openfield_ca1,26019_2020-01-22,26019,navigation/open-field ephys profile,0,-1.2105199069759467,-2.4791442729697
openfield_ca1,26019_2020-01-23,26019,navigation/open-field ephys profile,0,-1.2210205571513535,-2.514173271025966
openfield_ca1,26019_2020-01-27,26019,navigation/open-field ephys profile,0,-1.21337341723146,-2.488663264986786
openfield_ca1,26019_2020-01-29,26019,navigation/open-field ephys profile,0,-1.1998118232078743,-2.4434232995792473
openfield_ca1,26019_2020-01-30,26019,navigation/open-field ephys profile,0,-1.1999706773718917,-2.443953219356562
openfield_ca1,26191_2020-04-01,26191,navigation/open-field ephys profile,0,-1.2296413162467927,-2.542931162066365
openfield_ca1,26191_2020-04-02,26191,navigation/open-field ephys profile,0,-1.226205645020608,-2.5314701459679663
openfield_ca1,26191_2020-04-03,26191,navigation/open-field ephys profile,0,-1.2271188649205482,-2.534516545720896
openfield_ca1,26191_2020-04-04,26191,navigation/open-field ephys profile,0,-1.2184622611643132,-2.5056390808891247
openfield_ca1,26191_2020-04-05,26191,navigation/open-field ephys profile,0,-1.2190577621451995,-2.507625605756968
openfield_ca1,26191_2020-04-07,26191,navigation/open-field ephys profile,0,-1.2117246264354602,-2.48316308274821
openfield_ca1,26191_2020-04-09,26191,navigation/open-field ephys profile,0,-1.2198914726173185,-2.5104067709247935
openfield_ca1,26191_2020-04-10,26191,navigation/open-field ephys profile,0,-1.2204930670019667,-2.5124136227081086
openfield_ca1,26191_2020-04-14,26191,navigation/open-field ephys profile,0,-1.2158827295460801,-2.497034051054611
openfield_ca1,26191_2020-04-15,26191,navigation/open-field ephys profile,0,-1.2148077141083853,-2.4934479194295753
openfield_ca1,26191_2020-04-16,26191,navigation/open-field ephys profile,0,-1.2172878566495557,-2.5017213983858975
openfield_ca1,26191_2020-04-17,26191,navigation/open-field ephys profile,0,-1.226285833995876,-2.531737647447576
openfield_ca1,26191_2020-04-20,26191,navigation/open-field ephys profile,0,-1.2183353216259774,-2.505215624744281
openfield_ca1,26191_2020-04-21,26191,navigation/open-field ephys profile,0,-1.2296521893452348,-2.5429674335103076
openfield_ca1,26191_2020-04-23,26191,navigation/open-field ephys profile,0,-1.2022694575044282,-2.451621693541425
openfield_ca1,26191_2020-04-24,26191,navigation/open-field ephys profile,0,-1.2117794037918437,-2.483345813900876
openfield_ca1,26191_2020-04-25,26191,navigation/open-field ephys profile,0,-1.2152562117754293,-2.4949440576348008
openfield_ca1,26191_2020-04-27,26191,navigation/open-field ephys profile,0,-1.2076765210732423,-2.469659054664615
nwb_ca1,26863_2020-Nov-04_12-46-06,26863_Ash,standardized NWB unit-rich profile,2,-3.4749346507033723,3.4961867148524717
nwb_ca1,26863_2020-Nov-05_10-26-23,26863_Ash,standardized NWB unit-rich profile,2,-3.4377251473875665,3.461502560015533
nwb_ca1,26965_2020-Dec-07_15-52-32,26965_Bubinga,standardized NWB unit-rich profile,2,-3.3808410345135878,3.4084790793757107
nwb_ca1,26965_2020-Dec-07_16-51-52,26965_Bubinga,standardized NWB unit-rich profile,2,-3.3808410345135878,3.4084790793757107
nwb_ca1,26965_2020-Dec-08_10-46-12,26965_Bubinga,standardized NWB unit-rich profile,2,-3.3808410345135878,3.4084790793757107
nwb_ca1,26965_2020-Dec-08_11-29-48,26965_Bubinga,standardized NWB unit-rich profile,2,-3.334674943111323,3.3654462055202745
nwb_ca1,26965_2020-Dec-08_14-36-11,26965_Bubinga,standardized NWB unit-rich profile,2,-3.411998318653958,3.437521769310357
nwb_ca1,26965_2020-Dec-09_11-52-59,26965_Bubinga,standardized NWB unit-rich profile,2,-3.411311524651033,3.436881586899526
nwb_ca1,26965_2020-Dec-09_12-10-58,26965_Bubinga,standardized NWB unit-rich profile,2,-3.411998318653958,3.437521769310357
nwb_ca1,26965_2020-Dec-11_10-58-11,26965_Bubinga,standardized NWB unit-rich profile,2,-3.411311524651033,3.436881586899526
nwb_ca1,26966_2020-Dec-14_15-18-10,26966_Cedar,standardized NWB unit-rich profile,2,-3.398991738405841,3.4253979245119988
nwb_ca1,26966_2020-Dec-14_16-26-40,26966_Cedar,standardized NWB unit-rich profile,2,-3.398991738405841,3.4253979245119988
nwb_ca1,26966_2020-Dec-15_11-47-50,26966_Cedar,standardized NWB unit-rich profile,2,-3.398991738405841,3.4253979245119988
nwb_ca1,26966_2020-Dec-16_11-48-01,26966_Cedar,standardized NWB unit-rich profile,2,-3.4106196713465122,3.4362366885536706
nwb_ca1,27284_2021-Jun-15_19-16-52,27284_Douglas,standardized NWB unit-rich profile,2,-3.595652047716551,3.6285044624150764
nwb_ca1,27284_2021-Jun-16_08-24-12,27284_Douglas,standardized NWB unit-rich profile,2,-3.60461455437214,3.6368586983190414
nwb_ca1,27284_2021-Jun-16_14-33-11,27284_Douglas,standardized NWB unit-rich profile,2,-3.612931370910817,3.6446110660442876
nwb_ca1,27284_2021-Jun-17_15-01-36,27284_Douglas,standardized NWB unit-rich profile,2,-3.5636021413516126,3.598629731074637
nwb_ca1,27284_2021-Jun-18_11-01-41,27284_Douglas,standardized NWB unit-rich profile,2,-3.5363540764904284,3.5732309480639852
nwb_ca1,27285_2021-Jul-01_08-10-45,27285_Elm,standardized NWB unit-rich profile,2,-3.748943558712338,3.782979977918686
nwb_ca1,27285_2021-Jul-01_12-33-30,27285_Elm,standardized NWB unit-rich profile,2,-3.748943558712338,3.782979977918686
nwb_ca1,27285_2021-Jul-01_13-26-22,27285_Elm,standardized NWB unit-rich profile,2,-3.5411041030593737,3.5892462481263148
nwb_ca1,27285_2021-Jul-02_13-23-12,27285_Elm,standardized NWB unit-rich profile,2,-3.5332901696245513,3.581962633646467
nwb_ca1,27285_2021-Jun-30_10-03-39,27285_Elm,standardized NWB unit-rich profile,2,-3.757940075398946,3.7913659156481727
nwb_ca1,27285_2021-Jun-30_13-05-14,27285_Elm,standardized NWB unit-rich profile,2,-3.757940075398946,3.7913659156481727
nwb_ca1,27285_2021-Jun-30_13-59-11,27285_Elm,standardized NWB unit-rich profile,2,-3.622052283593712,3.6647006072880766
nwb_ca1,27963_2022-Feb-08_21-14-27,27963_Hemlock,standardized NWB unit-rich profile,2,-3.6055601078683814,3.6493277287091654
nwb_ca1,27963_2022-Feb-09_08-02-57,27963_Hemlock,standardized NWB unit-rich profile,2,-3.624479044845042,3.6669626681997487
nwb_ca1,27963_2022-Feb-10_11-06-56,27963_Hemlock,standardized NWB unit-rich profile,2,-3.5744643190069314,3.6203423604688663
nwb_ca1,27963_2022-Feb-10_14-07-47,27963_Hemlock,standardized NWB unit-rich profile,2,-3.5695668078287306,3.615777235409855
nwb_ca1,27963_2022-Feb-11_14-58-41,27963_Hemlock,standardized NWB unit-rich profile,2,-3.548864134360022,3.5964796187221766
nwb_ca1,28003_2022-Mar-07_20-44-03,28003_Ironwood,standardized NWB unit-rich profile,2,-3.5354103197318985,3.583938892613879
nwb_ca1,28003_2022-Mar-08_11-22-53,28003_Ironwood,standardized NWB unit-rich profile,2,-3.562376610282629,3.6090750248782983
nwb_ca1,28003_2022-Mar-08_11-38-59,28003_Ironwood,standardized NWB unit-rich profile,2,-3.550930338411316,3.5984055928646295
nwb_ca1,28003_2022-Mar-08_15-04-04,28003_Ironwood,standardized NWB unit-rich profile,2,-3.5764488308591376,3.622192186728935
nwb_ca1,28003_2022-Mar-09_07-54-00,28003_Ironwood,standardized NWB unit-rich profile,2,-3.5898073791330725,3.634644112055577
nwb_ca1,28003_2022-Mar-10_10-53-58,28003_Ironwood,standardized NWB unit-rich profile,2,-3.528788238127852,3.5777662409192774
nwb_ca1,29629_2024-Oct-29_15-05-13,29629_Karri,standardized NWB unit-rich profile,2,-3.4265135657524843,3.4708451341639877
nwb_ca1,29629_2024-Oct-30_05-40-15,29629_Karri,standardized NWB unit-rich profile,2,-3.518075454284215,3.55619286622168
nwb_ca1,29629_2024-Oct-30_15-13-05,29629_Karri,standardized NWB unit-rich profile,2,-3.43037708885591,3.474446446237356
nwb_ca1,29630_2024-Sep-17_07-08-26,29630_Juniper,standardized NWB unit-rich profile,2,-3.611429186542153,3.643210832485829
nwb_ca1,29630_2024-Sep-17_09-22-08,29630_Juniper,standardized NWB unit-rich profile,2,-3.587712925716418,3.6211041557142627
nwb_ca1,29630_2024-Sep-17_13-26-08,29630_Juniper,standardized NWB unit-rich profile,2,-3.6996160294237597,3.7254125777530733
nwb_ca1,29630_2024-Sep-17_23-09-30,29630_Juniper,standardized NWB unit-rich profile,2,-3.6130667491848905,3.6447372564150555
nwb_ca1,29630_2024-Sep-18_10-18-21,29630_Juniper,standardized NWB unit-rich profile,2,-3.5783575120730267,3.612383678780802
nwb_ca1,29630_2024-Sep-18_14-20-12,29630_Juniper,standardized NWB unit-rich profile,2,-3.663143056407948,3.691414966102434
nwb_ca1,29630_2024-Sep-18_15-19-16,29630_Juniper,standardized NWB unit-rich profile,2,-3.593177104467897,3.626197489539885
nwb_ca1,29630_2024-Sep-19_05-09-20,29630_Juniper,standardized NWB unit-rich profile,2,-3.5910208757399458,3.6241876005491793
nwb_ca1,29630_2024-Sep-19_11-15-17,29630_Juniper,standardized NWB unit-rich profile,2,-3.6688590149993323,3.6967429918796793
nwb_ca1,29630_2024-Sep-20_09-49-05,29630_Juniper,standardized NWB unit-rich profile,2,-3.5696992982184503,3.6043130838202955
nwb_ca1,29630_2024-Sep-20_10-32-21,29630_Juniper,standardized NWB unit-rich profile,2,-3.6813417374446202,3.7083785322523695
nwb_ca1,29630_2024-Sep-20_13-20-20,29630_Juniper,standardized NWB unit-rich profile,2,-3.6576054097465565,3.6862531505144682
nwb_ca1,29630_2024-Sep-24_14-25-53,29630_Juniper,standardized NWB unit-rich profile,2,-3.6932842253114537,3.7195105028889053
legacy_touchscreen,rat-14_190130,rat-14,navigation/open-field ephys profile,3,2.3434633651694545,2.875851997646767
legacy_touchscreen,rat-14_190131,rat-14,navigation/open-field ephys profile,3,2.2162311270469535,3.0908863125795736
legacy_touchscreen,rat-14_190202,rat-14,navigation/open-field ephys profile,3,2.225185482587729,3.049661876742186
legacy_touchscreen,rat-14_190204,rat-14,navigation/open-field ephys profile,3,2.224194853566707,3.1135351698115588
legacy_touchscreen,rat-14_190205,rat-14,navigation/open-field ephys profile,3,2.2147171281425333,3.0766672003762143
legacy_touchscreen,rat-14_190206,rat-14,navigation/open-field ephys profile,3,2.2050289242700036,3.0585560201853284
legacy_touchscreen,rat-14_190207,rat-14,navigation/open-field ephys profile,3,2.220697086450345,3.027584292934571
legacy_touchscreen,rat-16_181012,rat-16,navigation/open-field ephys profile,3,2.1818684119074354,3.149040715643034
legacy_touchscreen,rat-16_181013,rat-16,navigation/open-field ephys profile,3,2.2668542124949296,3.1429629144100706
legacy_touchscreen,rat-16_181015,rat-16,navigation/open-field ephys profile,3,2.2566772639379855,3.029596337871753
legacy_touchscreen,rat-16_181016,rat-16,navigation/open-field ephys profile,3,2.230372275924735,3.1425995620040372
legacy_touchscreen,rat-16_181021,rat-16,navigation/open-field ephys profile,3,2.311587622742132,3.130645643166451
legacy_touchscreen,rat-16_181022,rat-16,navigation/open-field ephys profile,3,2.4341941072953803,3.1103360291106217
legacy_touchscreen,rat-16_181023,rat-16,navigation/open-field ephys profile,3,2.4507193548443884,3.083818405145608
legacy_touchscreen,rat-16_181024,rat-16,navigation/open-field ephys profile,3,2.2616721153047123,3.160772409056545
legacy_touchscreen,rat-16_181025,rat-16,navigation/open-field ephys profile,3,2.2787743155712734,3.157061914463724
legacy_touchscreen,rat-16_181029,rat-16,navigation/open-field ephys profile,3,2.3354548983513386,3.175771490097793
legacy_touchscreen,rat-26_190625,rat-26,navigation/open-field ephys profile,3,2.2776452422130498,3.144207702143135
legacy_touchscreen,rat-26_190626,rat-26,navigation/open-field ephys profile,3,2.372029934426118,3.156006996556218
legacy_touchscreen,rat-26_190627,rat-26,navigation/open-field ephys profile,3,2.2120079917186946,3.121994963636382
legacy_touchscreen,rat-26_190702,rat-26,navigation/open-field ephys profile,3,2.4970894696802004,3.165570530456765
legacy_touchscreen,rat-27_191128,rat-27,navigation/open-field ephys profile,3,2.06640882242637,3.0172790521040196
legacy_touchscreen,rat-27_191204,rat-27,navigation/open-field ephys profile,3,2.29987435487048,3.1457567880106048
legacy_touchscreen,rat-27_191209,rat-27,navigation/open-field ephys profile,3,2.3154047424693553,3.2337803018070006
legacy_touchscreen,rat-27_191210,rat-27,navigation/open-field ephys profile,3,2.2341835856012495,3.205175456384137
touchandsee,Ramachandran_samp20_2012-08-09,Ramachandran,task/event/unit-rich profile,1,4.433124945654573,0.7960357966239525
touchandsee,Ramachandran_samp21_2012-08-10,Ramachandran,task/event/unit-rich profile,1,5.517907605944959,0.7349069598431646
touchandsee,Ramachandran_samp22_2012-08-11,Ramachandran,task/event/unit-rich profile,1,5.4271389397699785,0.7062878985766382
touchandsee,Ramachandran_samp23_2012-08-12,Ramachandran,task/event/unit-rich profile,1,5.355088679882218,0.6835880692048857
touchandsee,Ramachandran_samp24_2012-08-13,Ramachandran,task/event/unit-rich profile,1,5.471172518320091,0.7201687960030995
touchandsee,Ramachandran_samp25_2012-08-14,Ramachandran,task/event/unit-rich profile,1,5.546075923446261,0.7437925239658146
touchandsee,Ramachandran_samp26_2012-08-15,Ramachandran,task/event/unit-rich profile,1,5.532259849850773,0.7394340828395859
touchandsee,Ramachandran_samp27_2012-08-16,Ramachandran,task/event/unit-rich profile,1,5.502975888396298,0.7301975697946427
touchandsee,Ramachandran_samp28_2012-08-17,Ramachandran,task/event/unit-rich profile,1,5.495277724495269,0.7277698193365527
touchandsee,Ramachandran_samp29_2012-08-18,Ramachandran,task/event/unit-rich profile,1,5.366281457403505,0.6871132652183805
touchandsee,Ramachandran_samp30_2012-08-20,Ramachandran,task/event/unit-rich profile,1,5.479383384523759,0.7227577347663041
touchandsee,Ramachandran_samp31_2012-08-21,Ramachandran,task/event/unit-rich profile,1,5.397960501572429,0.6970930181093792
touchandsee,Ramachandran_samp32_2012-08-22,Ramachandran,task/event/unit-rich profile,1,5.355088679882218,0.6835880692048857
touchandsee,Ramachandran_samp33_2012-08-22,Ramachandran,task/event/unit-rich profile,1,5.387699380024656,0.6938601185777508
touchandsee,Taskmaster_samp1_2012-01-03,Taskmaster,task/event/unit-rich profile,1,5.680941305192659,0.7863571633223218
touchandsee,Taskmaster_samp10_2012-01-15,Taskmaster,task/event/unit-rich profile,1,5.666537867033937,0.7818097996921783
touchandsee,Taskmaster_samp11_2012-01-16,Taskmaster,task/event/unit-rich profile,1,5.596693712488164,0.7597639514291299
touchandsee,Taskmaster_samp12_2012-01-17,Taskmaster,task/event/unit-rich profile,1,5.656614226309601,0.7786769606139547
touchandsee,Taskmaster_samp13_2012-01-18,Taskmaster,task/event/unit-rich profile,1,5.572250024714903,0.7520505820021766
touchandsee,Taskmaster_samp14_2011-12-22,Taskmaster,task/event/unit-rich profile,1,5.3435465739592125,0.679953327604404
touchandsee,Taskmaster_samp15_2011-12-23,Taskmaster,task/event/unit-rich profile,1,5.397960501572429,0.6970930181093792
touchandsee,Taskmaster_samp16_2011-12-24,Taskmaster,task/event/unit-rich profile,1,5.590732557848454,0.7578827608813924
touchandsee,Taskmaster_samp17_2011-12-25,Taskmaster,task/event/unit-rich profile,1,5.614021544494877,0.7652325617038771
touchandsee,Taskmaster_samp18_2011-12-29,Taskmaster,task/event/unit-rich profile,1,5.772272458538961,0.815198564338068
touchandsee,Taskmaster_samp19_2011-12-30,Taskmaster,task/event/unit-rich profile,1,5.729418659423348,0.8016643908674626
touchandsee,Taskmaster_samp2_2012-01-03,Taskmaster,task/event/unit-rich profile,1,5.671401599771999,0.7833453108471657
touchandsee,Taskmaster_samp3_2012-01-04,Taskmaster,task/event/unit-rich profile,1,5.666537867033937,0.7818097996921783
touchandsee,Taskmaster_samp4_2012-01-05,Taskmaster,task/event/unit-rich profile,1,5.685620451817763,0.7878345030883399
touchandsee,Taskmaster_samp5_2012-01-06,Taskmaster,task/event/unit-rich profile,1,5.565878086248423,0.7500400714031742
touchandsee,Taskmaster_samp6_2012-01-10,Taskmaster,task/event/unit-rich profile,1,5.680941305192659,0.7863571633223218
touchandsee,Taskmaster_samp7_2012-01-11,Taskmaster,task/event/unit-rich profile,1,5.729418659423348,0.8016643908674626
touchandsee,Taskmaster_samp8_2012-01-12,Taskmaster,task/event/unit-rich profile,1,5.666537867033937,0.7818097996921783
touchandsee,Taskmaster_samp9_2012-01-14,Taskmaster,task/event/unit-rich profile,1,5.676202206601624,0.7848609291030164
touchandsee,Turing_samp34_2012-09-14,Turing,task/event/unit-rich profile,1,5.532259849850773,0.7394340828395859
touchandsee,Turing_samp35_2012-09-15,Turing,task/event/unit-rich profile,1,4.410169116793131,0.3902070868731979
touchandsee,Turing_samp36_2012-09-15,Turing,task/event/unit-rich profile,1,5.5105170911074906,0.7325759608688791
touchandsee,Turing_samp37_2012-09-16,Turing,task/event/unit-rich profile,1,5.680941305192659,0.7863571633223218
touchandsee,Turing_samp38_2012-09-17,Turing,task/event/unit-rich profile,1,5.502975888396298,0.7301975697946427
touchandsee,Turing_samp39_2012-09-18,Turing,task/event/unit-rich profile,1,5.614021544494877,0.7652325617038771
touchandsee,Turing_samp40_2012-09-19,Turing,task/event/unit-rich profile,1,5.235368700013911,0.6459133016105296
touchandsee,Turing_samp41_2012-09-19,Turing,task/event/unit-rich profile,1,5.279722550672835,0.6598638381471441
touchandsee,Turing_samp42_2012-09-20,Turing,task/event/unit-rich profile,1,5.2933989638078875,0.6641672590534147
touchandsee,Turing_samp43_2012-09-21,Turing,task/event/unit-rich profile,1,5.565878086248423,0.7500400714031742
touchandsee,Turing_samp44_2012-09-22,Turing,task/event/unit-rich profile,1,5.546075923446261,0.7437925239658146
touchandsee,Turing_samp45_2012-09-25,Turing,task/event/unit-rich profile,1,5.517907605944959,0.7349069598431646
touchandsee,Turing_samp46_2012-09-26,Turing,task/event/unit-rich profile,1,5.502975888396298,0.7301975697946427
