dataset_short_name,session_id,subject_id,session_date,behavioral_context,recording_system,brain_region,source_file_or_folder,n_units,n_spikes_total,n_raw_spike_events,recording_duration_s,mean_firing_rate_hz,median_firing_rate_hz,n_trials,n_events_total,n_lfp_channels,n_position_samples,n_electrodes,has_position,source_level,detail_level,raw_session_description,spikes_per_unit,spikes_per_trial,events_per_trial,units_per_trial,mean_firing_rate_hz_filled,has_units,has_spikes,has_trials,has_events,has_lfp,has_duration,has_firing_rate,biological_table_completeness_score
openfield_ca1,24101_2018-03-22,24101,2018-03-22,open_field,Neuralynx,CA1,data\24101\2018-03-22,2,7009.0,311750.0,4508.0,0.7773957409050577,,0,0,14,0.0,12.0,False,session_summary_plus_mclust_units,session_and_units,,3504.5,,,,0.7773957409050577,True,True,False,False,True,True,True,0.6666666666666666
openfield_ca1,24101_2018-03-24,24101,2018-03-24,open_field,Neuralynx,CA1,data\24101\2018-03-24,12,56177.0,494603.0,2363.0,1.9811327408661308,,0,0,14,0.0,12.0,False,session_summary_plus_mclust_units,session_and_units,,4681.416666666667,,,,1.9811327408661308,True,True,False,False,True,True,True,0.6666666666666666
openfield_ca1,24101_2018-03-26,24101,2018-03-26,open_field,Neuralynx,CA1,data\24101\2018-03-26,24,44739.0,434153.0,3222.0,0.5785614525139665,,0,0,14,0.0,12.0,False,session_summary_plus_mclust_units,session_and_units,,1864.125,,,,0.5785614525139665,True,True,False,False,True,True,True,0.6666666666666666
openfield_ca1,24101_2018-03-27,24101,2018-03-27,open_field,Neuralynx,CA1,data\24101\2018-03-27,18,30928.0,595025.0,5325.0,0.32267083985393846,,0,0,14,0.0,12.0,False,session_summary_plus_mclust_units,session_and_units,,1718.2222222222222,,,,0.32267083985393846,True,True,False,False,True,True,True,0.6666666666666666
openfield_ca1,24101_2018-04-03,24101,2018-04-03,open_field,Neuralynx,CA1,data\24101\2018-04-03,20,41826.0,605272.0,5619.0,0.3721836625734117,,0,0,14,0.0,12.0,False,session_summary_plus_mclust_units,session_and_units,,2091.3,,,,0.3721836625734117,True,True,False,False,True,True,True,0.6666666666666666
openfield_ca1,24101_2018-04-04,24101,2018-04-04,open_field,Neuralynx,CA1,data\24101\2018-04-04,22,41782.0,745382.0,1813.0,1.0475354761069047,,0,0,14,0.0,12.0,False,session_summary_plus_mclust_units,session_and_units,,1899.1818181818182,,,,1.0475354761069047,True,True,False,False,True,True,True,0.6666666666666666
openfield_ca1,24101_2018-04-05,24101,2018-04-05,open_field,Neuralynx,CA1,data\24101\2018-04-05,25,40817.0,390018.0,2635.0,0.6196129032258064,,0,0,14,0.0,12.0,False,session_summary_plus_mclust_units,session_and_units,,1632.68,,,,0.6196129032258064,True,True,False,False,True,True,True,0.6666666666666666
openfield_ca1,24101_2018-04-06,24101,2018-04-06,open_field,Neuralynx,CA1,data\24101\2018-04-06,29,18833.0,406863.0,7240.0,0.08969803772147075,,0,0,14,0.0,12.0,False,session_summary_plus_mclust_units,session_and_units,,649.4137931034483,,,,0.08969803772147075,True,True,False,False,True,True,True,0.6666666666666666
openfield_ca1,24101_2018-04-11,24101,2018-04-11,open_field,Neuralynx,CA1,data\24101\2018-04-11,49,71373.0,511829.0,1474.0,0.988189848531,,0,0,14,0.0,12.0,False,session_summary_plus_mclust_units,session_and_units,,1456.591836734694,,,,0.988189848531,True,True,False,False,True,True,True,0.6666666666666666
openfield_ca1,24101_2018-04-13,24101,2018-04-13,open_field,Neuralynx,CA1,data\24101\2018-04-13,59,57807.0,407545.0,4409.0,0.22222264935743913,,0,0,14,0.0,12.0,False,session_summary_plus_mclust_units,session_and_units,,979.7796610169491,,,,0.22222264935743913,True,True,False,False,True,True,True,0.6666666666666666
openfield_ca1,24101_2018-04-17,24101,2018-04-17,open_field,Neuralynx,CA1,data\24101\2018-04-17,34,21596.0,205994.0,2279.0,0.2787084118421392,,0,0,14,0.0,12.0,False,session_summary_plus_mclust_units,session_and_units,,635.1764705882352,,,,0.2787084118421392,True,True,False,False,True,True,True,0.6666666666666666
openfield_ca1,24101_2018-04-18,24101,2018-04-18,open_field,Neuralynx,CA1,data\24101\2018-04-18,11,25913.0,297578.0,2038.0,1.155901507717013,,0,0,14,0.0,12.0,False,session_summary_plus_mclust_units,session_and_units,,2355.7272727272725,,,,1.155901507717013,True,True,False,False,True,True,True,0.6666666666666666
openfield_ca1,24101_2018-04-23,24101,2018-04-23,open_field,Neuralynx,CA1,data\24101\2018-04-23,16,16482.0,416621.0,5010.0,0.20561377245508983,,0,0,14,0.0,12.0,False,session_summary_plus_mclust_units,session_and_units,,1030.125,,,,0.20561377245508983,True,True,False,False,True,True,True,0.6666666666666666
openfield_ca1,24101_2018-04-24,24101,2018-04-24,open_field,Neuralynx,CA1,data\24101\2018-04-24,20,21448.0,731088.0,2581.0,0.4154978690430066,,0,0,14,0.0,12.0,False,session_summary_plus_mclust_units,session_and_units,,1072.4,,,,0.4154978690430066,True,True,False,False,True,True,True,0.6666666666666666
openfield_ca1,24101_2018-04-25,24101,2018-04-25,open_field,Neuralynx,CA1,data\24101\2018-04-25,23,134365.0,516776.0,2907.0,2.0096169665425285,,0,0,14,0.0,12.0,False,session_summary_plus_mclust_units,session_and_units,,5841.95652173913,,,,2.0096169665425285,True,True,False,False,True,True,True,0.6666666666666666
openfield_ca1,24101_2018-04-30,24101,2018-04-30,open_field,Neuralynx,CA1,data\24101\2018-04-30,9,13328.0,1062349.0,2026.0,0.7309421958977734,,0,0,14,0.0,12.0,False,session_summary_plus_mclust_units,session_and_units,,1480.888888888889,,,,0.7309421958977734,True,True,False,False,True,True,True,0.6666666666666666
openfield_ca1,24101_2018-05-02,24101,2018-05-02,open_field,Neuralynx,CA1,data\24101\2018-05-02,6,15567.0,997821.0,6467.0,0.4011906602752435,,0,0,14,0.0,12.0,False,session_summary_plus_mclust_units,session_and_units,,2594.5,,,,0.4011906602752435,True,True,False,False,True,True,True,0.6666666666666666
openfield_ca1,24101_2018-05-03,24101,2018-05-03,open_field,Neuralynx,CA1,data\24101\2018-05-03,15,28010.0,959997.0,7667.0,0.24355462805964956,,0,0,14,0.0,12.0,False,session_summary_plus_mclust_units,session_and_units,,1867.3333333333333,,,,0.24355462805964956,True,True,False,False,True,True,True,0.6666666666666666
openfield_ca1,24101_2018-05-04,24101,2018-05-04,open_field,Neuralynx,CA1,data\24101\2018-05-04,14,8563.0,1049325.0,10755.0,0.05687055854419871,,0,0,14,0.0,12.0,False,session_summary_plus_mclust_units,session_and_units,,611.6428571428571,,,,0.05687055854419871,True,True,False,False,True,True,True,0.6666666666666666
openfield_ca1,24101_2018-05-07,24101,2018-05-07,open_field,Neuralynx,CA1,data\24101\2018-05-07,8,5271.0,939766.0,3898.0,0.1690289892252437,,0,0,14,0.0,12.0,False,session_summary_plus_mclust_units,session_and_units,,658.875,,,,0.1690289892252437,True,True,False,False,True,True,True,0.6666666666666666
openfield_ca1,24101_2018-05-08,24101,2018-05-08,open_field,Neuralynx,CA1,data\24101\2018-05-08,12,26735.0,869684.0,1777.0,1.2537516413430876,,0,0,14,0.0,12.0,False,session_summary_plus_mclust_units,session_and_units,,2227.9166666666665,,,,1.2537516413430876,True,True,False,False,True,True,True,0.6666666666666666
openfield_ca1,24116_2018-04-03,24116,2018-04-03,open_field,Axona,CA1,data\24116\2018-04-03,8,8230.0,66406.0,1201.0,0.8565778517901749,,0,0,4,0.0,0.0,True,session_summary_plus_mclust_units,session_and_units,,1028.75,,,,0.8565778517901749,True,True,False,False,True,True,True,0.6666666666666666
openfield_ca1,24116_2018-04-05,24116,2018-04-05,open_field,Axona,CA1,data\24116\2018-04-05,7,4206.0,49144.0,1201.0,0.5002973712382539,,0,0,4,0.0,0.0,True,session_summary_plus_mclust_units,session_and_units,,600.8571428571429,,,,0.5002973712382539,True,True,False,False,True,True,True,0.6666666666666666
openfield_ca1,24116_2018-04-06,24116,2018-04-06,open_field,Axona,CA1,data\24116\2018-04-06,11,12870.0,61825.0,1800.0,0.65,,0,0,4,0.0,0.0,True,session_summary_plus_mclust_units,session_and_units,,1170.0,,,,0.65,True,True,False,False,True,True,True,0.6666666666666666
openfield_ca1,24116_2018-04-19,24116,2018-04-19,open_field,Axona,CA1,data\24116\2018-04-19,4,0.0,27883.0,1560.0,,,0,0,4,0.0,0.0,True,session_summary_plus_mclust_units,session_and_units,,0.0,,,,0.0,True,False,False,False,True,True,True,0.5
openfield_ca1,24116_2018-04-20,24116,2018-04-20,open_field,Axona,CA1,data\24116\2018-04-20,4,0.0,15322.0,1561.0,,,0,0,4,0.0,0.0,True,session_summary_plus_mclust_units,session_and_units,,0.0,,,,0.0,True,False,False,False,True,True,True,0.5
openfield_ca1,24116_2018-04-22,24116,2018-04-22,open_field,Axona,CA1,data\24116\2018-04-22,4,0.0,25764.0,1800.0,,,0,0,4,0.0,0.0,True,session_summary_plus_mclust_units,session_and_units,,0.0,,,,0.0,True,False,False,False,True,True,True,0.5
openfield_ca1,24116_2018-04-25,24116,2018-04-25,open_field,Axona,CA1,data\24116\2018-04-25,4,0.0,23627.0,2073.0,,,0,0,4,0.0,0.0,True,session_summary_plus_mclust_units,session_and_units,,0.0,,,,0.0,True,False,False,False,True,True,True,0.5
openfield_ca1,24116_2018-04-26,24116,2018-04-26,open_field,Axona,CA1,data\24116\2018-04-26,4,0.0,18990.0,1499.0,,,0,0,4,0.0,0.0,True,session_summary_plus_mclust_units,session_and_units,,0.0,,,,0.0,True,False,False,False,True,True,True,0.5
openfield_ca1,24116_2018-04-27,24116,2018-04-27,open_field,Axona,CA1,data\24116\2018-04-27,4,0.0,15243.0,1501.0,,,0,0,4,0.0,0.0,True,session_summary_plus_mclust_units,session_and_units,,0.0,,,,0.0,True,False,False,False,True,True,True,0.5
openfield_ca1,24116_2018-04-30,24116,2018-04-30,open_field,Axona,CA1,data\24116\2018-04-30,4,0.0,32411.0,1702.0,,,0,0,4,0.0,0.0,True,session_summary_plus_mclust_units,session_and_units,,0.0,,,,0.0,True,False,False,False,True,True,True,0.5
openfield_ca1,24116_2018-05-02,24116,2018-05-02,open_field,Axona,CA1,data\24116\2018-05-02,4,0.0,18053.0,1506.0,,,0,0,4,0.0,0.0,True,session_summary_plus_mclust_units,session_and_units,,0.0,,,,0.0,True,False,False,False,True,True,True,0.5
openfield_ca1,24116_2018-05-03,24116,2018-05-03,open_field,Axona,CA1,data\24116\2018-05-03,4,0.0,13044.0,1383.0,,,0,0,4,0.0,0.0,True,session_summary_plus_mclust_units,session_and_units,,0.0,,,,0.0,True,False,False,False,True,True,True,0.5
openfield_ca1,24116_2018-05-04,24116,2018-05-04,open_field,Axona,CA1,data\24116\2018-05-04,4,0.0,9022.0,1321.0,,,0,0,4,0.0,0.0,True,session_summary_plus_mclust_units,session_and_units,,0.0,,,,0.0,True,False,False,False,True,True,True,0.5
openfield_ca1,25398_2019-04-29,25398,2019-04-29,open_field,Axona,CA1,data\25398\2019-04-29,8,0.0,471561.0,1800.0,,,0,0,4,0.0,0.0,True,session_summary_plus_mclust_units,session_and_units,,0.0,,,,0.0,True,False,False,False,True,True,True,0.5
openfield_ca1,25398_2019-04-30,25398,2019-04-30,open_field,Axona,CA1,data\25398\2019-04-30,8,0.0,346213.0,1475.0,,,0,0,4,0.0,0.0,True,session_summary_plus_mclust_units,session_and_units,,0.0,,,,0.0,True,False,False,False,True,True,True,0.5
openfield_ca1,25398_2019-05-01,25398,2019-05-01,open_field,Axona,CA1,data\25398\2019-05-01,8,0.0,129195.0,1441.0,,,0,0,4,0.0,0.0,True,session_summary_plus_mclust_units,session_and_units,,0.0,,,,0.0,True,False,False,False,True,True,True,0.5
openfield_ca1,25398_2019-05-02,25398,2019-05-02,open_field,Axona,CA1,data\25398\2019-05-02,8,0.0,541354.0,1381.0,,,0,0,4,0.0,0.0,True,session_summary_plus_mclust_units,session_and_units,,0.0,,,,0.0,True,False,False,False,True,True,True,0.5
openfield_ca1,25398_2019-05-03,25398,2019-05-03,open_field,Axona,CA1,data\25398\2019-05-03,6,7824.0,354682.0,1526.0,0.854521625163827,,0,0,4,0.0,0.0,True,session_summary_plus_mclust_units,session_and_units,,1304.0,,,,0.854521625163827,True,True,False,False,True,True,True,0.6666666666666666
openfield_ca1,25398_2019-05-06,25398,2019-05-06,open_field,Axona,CA1,data\25398\2019-05-06,8,0.0,348945.0,1718.0,,,0,0,4,0.0,0.0,True,session_summary_plus_mclust_units,session_and_units,,0.0,,,,0.0,True,False,False,False,True,True,True,0.5
openfield_ca1,25398_2019-05-07,25398,2019-05-07,open_field,Axona,CA1,data\25398\2019-05-07,8,0.0,567458.0,1801.0,,,0,0,4,0.0,0.0,True,session_summary_plus_mclust_units,session_and_units,,0.0,,,,0.0,True,False,False,False,True,True,True,0.5
openfield_ca1,25398_2019-05-08,25398,2019-05-08,open_field,Axona,CA1,data\25398\2019-05-08,8,0.0,680267.0,1800.0,,,0,0,4,0.0,0.0,True,session_summary_plus_mclust_units,session_and_units,,0.0,,,,0.0,True,False,False,False,True,True,True,0.5
openfield_ca1,25398_2019-05-09,25398,2019-05-09,open_field,Axona,CA1,data\25398\2019-05-09,8,0.0,588177.0,1754.0,,,0,0,4,0.0,0.0,True,session_summary_plus_mclust_units,session_and_units,,0.0,,,,0.0,True,False,False,False,True,True,True,0.5
openfield_ca1,25398_2019-05-10,25398,2019-05-10,open_field,Axona,CA1,data\25398\2019-05-10,8,0.0,355757.0,1801.0,,,0,0,4,0.0,0.0,True,session_summary_plus_mclust_units,session_and_units,,0.0,,,,0.0,True,False,False,False,True,True,True,0.5
openfield_ca1,25398_2019-05-11,25398,2019-05-11,open_field,Axona,CA1,data\25398\2019-05-11,8,0.0,487682.0,1800.0,,,0,0,4,0.0,0.0,True,session_summary_plus_mclust_units,session_and_units,,0.0,,,,0.0,True,False,False,False,True,True,True,0.5
openfield_ca1,25398_2019-05-14,25398,2019-05-14,open_field,Axona,CA1,data\25398\2019-05-14,8,0.0,1211396.0,1801.0,,,0,0,4,0.0,0.0,True,session_summary_plus_mclust_units,session_and_units,,0.0,,,,0.0,True,False,False,False,True,True,True,0.5
openfield_ca1,25398_2019-05-15,25398,2019-05-15,open_field,Axona,CA1,data\25398\2019-05-15,8,0.0,834801.0,1801.0,,,0,0,4,0.0,0.0,True,session_summary_plus_mclust_units,session_and_units,,0.0,,,,0.0,True,False,False,False,True,True,True,0.5
openfield_ca1,25398_2019-05-16,25398,2019-05-16,open_field,Axona,CA1,data\25398\2019-05-16,12,16079.0,1693132.0,1676.0,0.7994729514717582,,0,0,4,0.0,0.0,True,session_summary_plus_mclust_units,session_and_units,,1339.9166666666667,,,,0.7994729514717582,True,True,False,False,True,True,True,0.6666666666666666
openfield_ca1,25398_2019-06-21,25398,2019-06-21,open_field,Axona,CA1,data\25398\2019-06-21,8,0.0,691190.0,1801.0,,,0,0,4,0.0,0.0,True,session_summary_plus_mclust_units,session_and_units,,0.0,,,,0.0,True,False,False,False,True,True,True,0.5
openfield_ca1,25398_2019-06-24,25398,2019-06-24,open_field,Axona,CA1,data\25398\2019-06-24,5,31356.0,1777609.0,1801.0,3.4820655191560244,,0,0,4,0.0,0.0,True,session_summary_plus_mclust_units,session_and_units,,6271.2,,,,3.4820655191560244,True,True,False,False,True,True,True,0.6666666666666666
openfield_ca1,25398_2019-06-25,25398,2019-06-25,open_field,Axona,CA1,data\25398\2019-06-25,2,3152.0,2094788.0,1801.0,0.8750694058856191,,0,0,4,0.0,0.0,True,session_summary_plus_mclust_units,session_and_units,,1576.0,,,,0.8750694058856191,True,True,False,False,True,True,True,0.6666666666666666
openfield_ca1,25398_2019-06-27,25398,2019-06-27,open_field,Axona,CA1,data\25398\2019-06-27,8,0.0,1887752.0,1741.0,,,0,0,4,0.0,0.0,True,session_summary_plus_mclust_units,session_and_units,,0.0,,,,0.0,True,False,False,False,True,True,True,0.5
openfield_ca1,25398_2019-06-28,25398,2019-06-28,open_field,Axona,CA1,data\25398\2019-06-28,8,0.0,788114.0,1618.0,,,0,0,4,0.0,0.0,True,session_summary_plus_mclust_units,session_and_units,,0.0,,,,0.0,True,False,False,False,True,True,True,0.5
openfield_ca1,25398_2019-07-02,25398,2019-07-02,open_field,Axona,CA1,data\25398\2019-07-02,6,2070.0,1144116.0,1381.0,0.2498189717595945,,0,0,4,0.0,0.0,True,session_summary_plus_mclust_units,session_and_units,,345.0,,,,0.2498189717595945,True,True,False,False,True,True,True,0.6666666666666666
openfield_ca1,25398_2019-07-03,25398,2019-07-03,open_field,Axona,CA1,data\25398\2019-07-03,9,16780.0,640425.0,1801.0,1.0352273428342278,,0,0,4,0.0,0.0,True,session_summary_plus_mclust_units,session_and_units,,1864.4444444444443,,,,1.0352273428342278,True,True,False,False,True,True,True,0.6666666666666666
openfield_ca1,25398_2019-07-04,25398,2019-07-04,open_field,Axona,CA1,data\25398\2019-07-04,1,976.0,220312.0,1174.0,0.8313458262350937,,0,0,4,0.0,0.0,True,session_summary_plus_mclust_units,session_and_units,,976.0,,,,0.8313458262350937,True,True,False,False,True,True,True,0.6666666666666666
openfield_ca1,25398_2019-07-30,25398,2019-07-30,open_field,Axona,CA1,data\25398\2019-07-30,8,0.0,272400.0,871.0,,,0,0,4,0.0,0.0,True,session_summary_plus_mclust_units,session_and_units,,0.0,,,,0.0,True,False,False,False,True,True,True,0.5
openfield_ca1,25398_2019-07-31,25398,2019-07-31,open_field,Axona,CA1,data\25398\2019-07-31,2,4377.0,1497936.0,1801.0,1.2151582454192116,,0,0,4,0.0,0.0,True,session_summary_plus_mclust_units,session_and_units,,2188.5,,,,1.2151582454192116,True,True,False,False,True,True,True,0.6666666666666666
openfield_ca1,25398_2019-08-01,25398,2019-08-01,open_field,Axona,CA1,data\25398\2019-08-01,8,0.0,426375.0,1800.0,,,0,0,4,0.0,0.0,True,session_summary_plus_mclust_units,session_and_units,,0.0,,,,0.0,True,False,False,False,True,True,True,0.5
openfield_ca1,25398_2019-08-02,25398,2019-08-02,open_field,Axona,CA1,data\25398\2019-08-02,8,0.0,435530.0,1801.0,,,0,0,4,0.0,0.0,True,session_summary_plus_mclust_units,session_and_units,,0.0,,,,0.0,True,False,False,False,True,True,True,0.5
openfield_ca1,25398_2019-08-07,25398,2019-08-07,open_field,Axona,CA1,data\25398\2019-08-07,8,0.0,474274.0,1801.0,,,0,0,4,0.0,0.0,True,session_summary_plus_mclust_units,session_and_units,,0.0,,,,0.0,True,False,False,False,True,True,True,0.5
openfield_ca1,25398_2019-08-08,25398,2019-08-08,open_field,Axona,CA1,data\25398\2019-08-08,8,0.0,398839.0,1801.0,,,0,0,4,0.0,0.0,True,session_summary_plus_mclust_units,session_and_units,,0.0,,,,0.0,True,False,False,False,True,True,True,0.5
openfield_ca1,25398_2019-08-09,25398,2019-08-09,open_field,Axona,CA1,data\25398\2019-08-09,8,0.0,208740.0,1397.0,,,0,0,4,0.0,0.0,True,session_summary_plus_mclust_units,session_and_units,,0.0,,,,0.0,True,False,False,False,True,True,True,0.5
openfield_ca1,25398_2019-08-13,25398,2019-08-13,open_field,Axona,CA1,data\25398\2019-08-13,8,0.0,248082.0,1621.0,,,0,0,4,0.0,0.0,True,session_summary_plus_mclust_units,session_and_units,,0.0,,,,0.0,True,False,False,False,True,True,True,0.5
openfield_ca1,25398_2019-08-14,25398,2019-08-14,open_field,Axona,CA1,data\25398\2019-08-14,8,0.0,131019.0,1800.0,,,0,0,4,0.0,0.0,True,session_summary_plus_mclust_units,session_and_units,,0.0,,,,0.0,True,False,False,False,True,True,True,0.5
openfield_ca1,25398_2019-08-15,25398,2019-08-15,open_field,Axona,CA1,data\25398\2019-08-15,8,0.0,108856.0,1518.0,,,0,0,4,0.0,0.0,True,session_summary_plus_mclust_units,session_and_units,,0.0,,,,0.0,True,False,False,False,True,True,True,0.5
openfield_ca1,25398_2019-09-03,25398,2019-09-03,open_field,Axona,CA1,data\25398\2019-09-03,8,0.0,200199.0,1441.0,,,0,0,4,0.0,0.0,True,session_summary_plus_mclust_units,session_and_units,,0.0,,,,0.0,True,False,False,False,True,True,True,0.5
openfield_ca1,25398_2019-09-04,25398,2019-09-04,open_field,Axona,CA1,data\25398\2019-09-04,8,0.0,170989.0,1741.0,,,0,0,4,0.0,0.0,True,session_summary_plus_mclust_units,session_and_units,,0.0,,,,0.0,True,False,False,False,True,True,True,0.5
openfield_ca1,25398_2019-09-16,25398,2019-09-16,open_field,Axona,CA1,data\25398\2019-09-16,8,0.0,310735.0,1801.0,,,0,0,4,0.0,0.0,True,session_summary_plus_mclust_units,session_and_units,,0.0,,,,0.0,True,False,False,False,True,True,True,0.5
openfield_ca1,25398_2019-09-17,25398,2019-09-17,open_field,Axona,CA1,data\25398\2019-09-17,8,0.0,187026.0,1230.0,,,0,0,4,0.0,0.0,True,session_summary_plus_mclust_units,session_and_units,,0.0,,,,0.0,True,False,False,False,True,True,True,0.5
openfield_ca1,25398_2019-09-18,25398,2019-09-18,open_field,Axona,CA1,data\25398\2019-09-18,8,0.0,450676.0,1800.0,,,0,0,4,0.0,0.0,True,session_summary_plus_mclust_units,session_and_units,,0.0,,,,0.0,True,False,False,False,True,True,True,0.5
openfield_ca1,25398_2019-09-19,25398,2019-09-19,open_field,Axona,CA1,data\25398\2019-09-19,8,0.0,479797.0,1800.0,,,0,0,4,0.0,0.0,True,session_summary_plus_mclust_units,session_and_units,,0.0,,,,0.0,True,False,False,False,True,True,True,0.5
openfield_ca1,25398_2019-09-20,25398,2019-09-20,open_field,Axona,CA1,data\25398\2019-09-20,8,0.0,357440.0,1460.0,,,0,0,4,0.0,0.0,True,session_summary_plus_mclust_units,session_and_units,,0.0,,,,0.0,True,False,False,False,True,True,True,0.5
openfield_ca1,25398_2019-10-07,25398,2019-10-07,open_field,Axona,CA1,data\25398\2019-10-07,8,0.0,301893.0,1801.0,,,0,0,4,0.0,0.0,True,session_summary_plus_mclust_units,session_and_units,,0.0,,,,0.0,True,False,False,False,True,True,True,0.5
openfield_ca1,25398_2019-10-08,25398,2019-10-08,open_field,Axona,CA1,data\25398\2019-10-08,8,0.0,278080.0,1801.0,,,0,0,4,0.0,0.0,True,session_summary_plus_mclust_units,session_and_units,,0.0,,,,0.0,True,False,False,False,True,True,True,0.5
openfield_ca1,25398_2019-10-09,25398,2019-10-09,open_field,Axona,CA1,data\25398\2019-10-09,6,8843.0,1082774.0,1801.0,0.8183416620396076,,0,0,4,0.0,0.0,True,session_summary_plus_mclust_units,session_and_units,,1473.8333333333333,,,,0.8183416620396076,True,True,False,False,True,True,True,0.6666666666666666
openfield_ca1,25398_2019-10-10,25398,2019-10-10,open_field,Axona,CA1,data\25398\2019-10-10,9,8416.0,735561.0,1801.0,0.5192177185514221,,0,0,4,0.0,0.0,True,session_summary_plus_mclust_units,session_and_units,,935.1111111111111,,,,0.5192177185514221,True,True,False,False,True,True,True,0.6666666666666666
openfield_ca1,25398_2019-10-23,25398,2019-10-23,open_field,Axona,CA1,data\25398\2019-10-23,5,6711.0,341380.0,1507.0,0.8906436629064367,,0,0,4,0.0,0.0,True,session_summary_plus_mclust_units,session_and_units,,1342.2,,,,0.8906436629064367,True,True,False,False,True,True,True,0.6666666666666666
openfield_ca1,25398_2019-10-24,25398,2019-10-24,open_field,Axona,CA1,data\25398\2019-10-24,8,0.0,288311.0,1800.0,,,0,0,4,0.0,0.0,True,session_summary_plus_mclust_units,session_and_units,,0.0,,,,0.0,True,False,False,False,True,True,True,0.5
openfield_ca1,26019_2020-01-06,26019,2020-01-06,open_field,Axona,CA1,data\26019\2020-01-06,8,0.0,158246.0,1800.0,,,0,0,4,0.0,0.0,True,session_summary_plus_mclust_units,session_and_units,,0.0,,,,0.0,True,False,False,False,True,True,True,0.5
openfield_ca1,26019_2020-01-07,26019,2020-01-07,open_field,Axona,CA1,data\26019\2020-01-07,8,0.0,80241.0,1229.0,,,0,0,4,0.0,0.0,True,session_summary_plus_mclust_units,session_and_units,,0.0,,,,0.0,True,False,False,False,True,True,True,0.5
openfield_ca1,26019_2020-01-08,26019,2020-01-08,open_field,Axona,CA1,data\26019\2020-01-08,8,0.0,75656.0,1800.0,,,0,0,4,0.0,0.0,True,session_summary_plus_mclust_units,session_and_units,,0.0,,,,0.0,True,False,False,False,True,True,True,0.5
openfield_ca1,26019_2020-01-09,26019,2020-01-09,open_field,Axona,CA1,data\26019\2020-01-09,8,0.0,113258.0,1459.0,,,0,0,4,0.0,0.0,True,session_summary_plus_mclust_units,session_and_units,,0.0,,,,0.0,True,False,False,False,True,True,True,0.5
openfield_ca1,26019_2020-01-10,26019,2020-01-10,open_field,Axona,CA1,data\26019\2020-01-10,8,0.0,196230.0,1592.0,,,0,0,4,0.0,0.0,True,session_summary_plus_mclust_units,session_and_units,,0.0,,,,0.0,True,False,False,False,True,True,True,0.5
openfield_ca1,26019_2020-01-13,26019,2020-01-13,open_field,Axona,CA1,data\26019\2020-01-13,8,0.0,129053.0,1800.0,,,0,0,4,0.0,0.0,True,session_summary_plus_mclust_units,session_and_units,,0.0,,,,0.0,True,False,False,False,True,True,True,0.5
openfield_ca1,26019_2020-01-14,26019,2020-01-14,open_field,Axona,CA1,data\26019\2020-01-14,8,0.0,88320.0,1725.0,,,0,0,4,0.0,0.0,True,session_summary_plus_mclust_units,session_and_units,,0.0,,,,0.0,True,False,False,False,True,True,True,0.5
openfield_ca1,26019_2020-01-15,26019,2020-01-15,open_field,Axona,CA1,data\26019\2020-01-15,8,0.0,71779.0,1361.0,,,0,0,4,0.0,0.0,True,session_summary_plus_mclust_units,session_and_units,,0.0,,,,0.0,True,False,False,False,True,True,True,0.5
openfield_ca1,26019_2020-01-16,26019,2020-01-16,open_field,Axona,CA1,data\26019\2020-01-16,8,0.0,70971.0,1206.0,,,0,0,4,0.0,0.0,True,session_summary_plus_mclust_units,session_and_units,,0.0,,,,0.0,True,False,False,False,True,True,True,0.5
openfield_ca1,26019_2020-01-17,26019,2020-01-17,open_field,Axona,CA1,data\26019\2020-01-17,8,0.0,137114.0,1569.0,,,0,0,4,0.0,0.0,True,session_summary_plus_mclust_units,session_and_units,,0.0,,,,0.0,True,False,False,False,True,True,True,0.5
openfield_ca1,26019_2020-01-20,26019,2020-01-20,open_field,Axona,CA1,data\26019\2020-01-20,8,0.0,54111.0,1634.0,,,0,0,4,0.0,0.0,True,session_summary_plus_mclust_units,session_and_units,,0.0,,,,0.0,True,False,False,False,True,True,True,0.5
openfield_ca1,26019_2020-01-21,26019,2020-01-21,open_field,Axona,CA1,data\26019\2020-01-21,8,0.0,67585.0,1381.0,,,0,0,4,0.0,0.0,True,session_summary_plus_mclust_units,session_and_units,,0.0,,,,0.0,True,False,False,False,True,True,True,0.5
openfield_ca1,26019_2020-01-22,26019,2020-01-22,open_field,Axona,CA1,data\26019\2020-01-22,8,0.0,119232.0,1503.0,,,0,0,4,0.0,0.0,True,session_summary_plus_mclust_units,session_and_units,,0.0,,,,0.0,True,False,False,False,True,True,True,0.5
openfield_ca1,26019_2020-01-23,26019,2020-01-23,open_field,Axona,CA1,data\26019\2020-01-23,8,0.0,225459.0,1801.0,,,0,0,4,0.0,0.0,True,session_summary_plus_mclust_units,session_and_units,,0.0,,,,0.0,True,False,False,False,True,True,True,0.5
openfield_ca1,26019_2020-01-27,26019,2020-01-27,open_field,Axona,CA1,data\26019\2020-01-27,8,0.0,141768.0,1681.0,,,0,0,4,0.0,0.0,True,session_summary_plus_mclust_units,session_and_units,,0.0,,,,0.0,True,False,False,False,True,True,True,0.5
openfield_ca1,26019_2020-01-29,26019,2020-01-29,open_field,Axona,CA1,data\26019\2020-01-29,8,0.0,62266.0,1427.0,,,0,0,4,0.0,0.0,True,session_summary_plus_mclust_units,session_and_units,,0.0,,,,0.0,True,False,False,False,True,True,True,0.5
openfield_ca1,26019_2020-01-30,26019,2020-01-30,open_field,Axona,CA1,data\26019\2020-01-30,8,0.0,62869.0,1381.0,,,0,0,4,0.0,0.0,True,session_summary_plus_mclust_units,session_and_units,,0.0,,,,0.0,True,False,False,False,True,True,True,0.5
openfield_ca1,26191_2020-04-01,26191,2020-04-01,open_field,Axona,CA1,data\26191\2020-04-01,8,0.0,380373.0,1682.0,,,0,0,4,0.0,0.0,True,session_summary_plus_mclust_units,session_and_units,,0.0,,,,0.0,True,False,False,False,True,True,True,0.5
openfield_ca1,26191_2020-04-02,26191,2020-04-02,open_field,Axona,CA1,data\26191\2020-04-02,8,0.0,308806.0,1321.0,,,0,0,4,0.0,0.0,True,session_summary_plus_mclust_units,session_and_units,,0.0,,,,0.0,True,False,False,False,True,True,True,0.5
openfield_ca1,26191_2020-04-03,26191,2020-04-03,open_field,Axona,CA1,data\26191\2020-04-03,8,0.0,326398.0,1801.0,,,0,0,4,0.0,0.0,True,session_summary_plus_mclust_units,session_and_units,,0.0,,,,0.0,True,False,False,False,True,True,True,0.5
openfield_ca1,26191_2020-04-04,26191,2020-04-04,open_field,Axona,CA1,data\26191\2020-04-04,8,0.0,193046.0,1621.0,,,0,0,4,0.0,0.0,True,session_summary_plus_mclust_units,session_and_units,,0.0,,,,0.0,True,False,False,False,True,True,True,0.5
openfield_ca1,26191_2020-04-05,26191,2020-04-05,open_field,Axona,CA1,data\26191\2020-04-05,8,0.0,200148.0,1800.0,,,0,0,4,0.0,0.0,True,session_summary_plus_mclust_units,session_and_units,,0.0,,,,0.0,True,False,False,False,True,True,True,0.5
openfield_ca1,26191_2020-04-07,26191,2020-04-07,open_field,Axona,CA1,data\26191\2020-04-07,8,0.0,128273.0,1681.0,,,0,0,4,0.0,0.0,True,session_summary_plus_mclust_units,session_and_units,,0.0,,,,0.0,True,False,False,False,True,True,True,0.5
openfield_ca1,26191_2020-04-09,26191,2020-04-09,open_field,Axona,CA1,data\26191\2020-04-09,8,0.0,210532.0,1721.0,,,0,0,4,0.0,0.0,True,session_summary_plus_mclust_units,session_and_units,,0.0,,,,0.0,True,False,False,False,True,True,True,0.5
openfield_ca1,26191_2020-04-10,26191,2020-04-10,open_field,Axona,CA1,data\26191\2020-04-10,8,0.0,218358.0,1680.0,,,0,0,4,0.0,0.0,True,session_summary_plus_mclust_units,session_and_units,,0.0,,,,0.0,True,False,False,False,True,True,True,0.5
openfield_ca1,26191_2020-04-14,26191,2020-04-14,open_field,Axona,CA1,data\26191\2020-04-14,8,0.0,165080.0,1800.0,,,0,0,4,0.0,0.0,True,session_summary_plus_mclust_units,session_and_units,,0.0,,,,0.0,True,False,False,False,True,True,True,0.5
openfield_ca1,26191_2020-04-15,26191,2020-04-15,open_field,Axona,CA1,data\26191\2020-04-15,8,0.0,154657.0,1631.0,,,0,0,4,0.0,0.0,True,session_summary_plus_mclust_units,session_and_units,,0.0,,,,0.0,True,False,False,False,True,True,True,0.5
openfield_ca1,26191_2020-04-16,26191,2020-04-16,open_field,Axona,CA1,data\26191\2020-04-16,8,0.0,179770.0,1800.0,,,0,0,4,0.0,0.0,True,session_summary_plus_mclust_units,session_and_units,,0.0,,,,0.0,True,False,False,False,True,True,True,0.5
openfield_ca1,26191_2020-04-17,26191,2020-04-17,open_field,Axona,CA1,data\26191\2020-04-17,8,0.0,310312.0,1800.0,,,0,0,4,0.0,0.0,True,session_summary_plus_mclust_units,session_and_units,,0.0,,,,0.0,True,False,False,False,True,True,True,0.5
openfield_ca1,26191_2020-04-20,26191,2020-04-20,open_field,Axona,CA1,data\26191\2020-04-20,8,0.0,191565.0,1800.0,,,0,0,4,0.0,0.0,True,session_summary_plus_mclust_units,session_and_units,,0.0,,,,0.0,True,False,False,False,True,True,True,0.5
openfield_ca1,26191_2020-04-21,26191,2020-04-21,open_field,Axona,CA1,data\26191\2020-04-21,8,0.0,380624.0,1801.0,,,0,0,4,0.0,0.0,True,session_summary_plus_mclust_units,session_and_units,,0.0,,,,0.0,True,False,False,False,True,True,True,0.5
openfield_ca1,26191_2020-04-23,26191,2020-04-23,open_field,Axona,CA1,data\26191\2020-04-23,8,0.0,72278.0,1681.0,,,0,0,4,0.0,0.0,True,session_summary_plus_mclust_units,session_and_units,,0.0,,,,0.0,True,False,False,False,True,True,True,0.5
openfield_ca1,26191_2020-04-24,26191,2020-04-24,open_field,Axona,CA1,data\26191\2020-04-24,8,0.0,128700.0,1800.0,,,0,0,4,0.0,0.0,True,session_summary_plus_mclust_units,session_and_units,,0.0,,,,0.0,True,False,False,False,True,True,True,0.5
openfield_ca1,26191_2020-04-25,26191,2020-04-25,open_field,Axona,CA1,data\26191\2020-04-25,8,0.0,158923.0,1800.0,,,0,0,4,0.0,0.0,True,session_summary_plus_mclust_units,session_and_units,,0.0,,,,0.0,True,False,False,False,True,True,True,0.5
openfield_ca1,26191_2020-04-27,26191,2020-04-27,open_field,Axona,CA1,data\26191\2020-04-27,8,0.0,100340.0,1801.0,,,0,0,4,0.0,0.0,True,session_summary_plus_mclust_units,session_and_units,,0.0,,,,0.0,True,False,False,False,True,True,True,0.5
nwb_ca1,26863_2020-Nov-04_12-46-06,26863_Ash,2020-11-04,other,NWB / Neuropixels,LEC,data\26863\26863_2020-Nov-04_12-46-06.nwb,1072,,,,,,0,1,0,,384.0,True,nwb_session_summary,session_only,35 mins; OF; decent coverage; still plugged in from previous session in room 2.408,,,,,,True,False,False,True,False,False,False,0.3333333333333333
nwb_ca1,26863_2020-Nov-05_10-26-23,26863_Ash,2020-11-05,open_field_object,NWB / Neuropixels,LEC,data\26863\26863_2020-Nov-05_10-26-23.nwb,721,,,,,,0,1,0,,384.0,True,nwb_session_summary,session_only,open field; object,,,,,,True,False,False,True,False,False,False,0.3333333333333333
nwb_ca1,26965_2020-Dec-07_15-52-32,26965_Bubinga,2020-12-07,unknown,NWB / Neuropixels,LEC,data\26965\26965_2020-Dec-07_15-52-32.nwb,393,,,,,,0,1,0,,384.0,True,nwb_session_summary,session_only,,,,,,,True,False,False,True,False,False,False,0.3333333333333333
nwb_ca1,26965_2020-Dec-07_16-51-52,26965_Bubinga,2020-12-07,unknown,NWB / Neuropixels,LEC,data\26965\26965_2020-Dec-07_16-51-52.nwb,393,,,,,,0,1,0,,384.0,True,nwb_session_summary,session_only,,,,,,,True,False,False,True,False,False,False,0.3333333333333333
nwb_ca1,26965_2020-Dec-08_10-46-12,26965_Bubinga,2020-12-08,sequence_task,NWB / Neuropixels,LEC,data\26965\26965_2020-Dec-08_10-46-12.nwb,393,,,,,,0,1,0,,384.0,True,nwb_session_summary,session_only,figure-eight,,,,,,True,False,False,True,False,False,False,0.3333333333333333
nwb_ca1,26965_2020-Dec-08_11-29-48,26965_Bubinga,2020-12-08,open_field,NWB / Neuropixels,LEC,data\26965\26965_2020-Dec-08_11-29-48.nwb,240,,,,,,0,1,0,,384.0,True,nwb_session_summary,session_only,open field (motive crashed),,,,,,True,False,False,True,False,False,False,0.3333333333333333
nwb_ca1,26965_2020-Dec-08_14-36-11,26965_Bubinga,2020-12-08,open_field,NWB / Neuropixels,LEC,data\26965\26965_2020-Dec-08_14-36-11.nwb,548,,,,,,0,1,0,,384.0,True,nwb_session_summary,session_only,open field; party lights,,,,,,True,False,False,True,False,False,False,0.3333333333333333
nwb_ca1,26965_2020-Dec-09_11-52-59,26965_Bubinga,2020-12-09,sequence_task,NWB / Neuropixels,LEC,data\26965\26965_2020-Dec-09_11-52-59.nwb,544,,,,,,0,1,0,,384.0,True,nwb_session_summary,session_only,figure-eight,,,,,,True,False,False,True,False,False,False,0.3333333333333333
nwb_ca1,26965_2020-Dec-09_12-10-58,26965_Bubinga,2020-12-09,open_field_object,NWB / Neuropixels,LEC,data\26965\26965_2020-Dec-09_12-10-58.nwb,548,,,,,,0,1,0,,384.0,True,nwb_session_summary,session_only,open field; object,,,,,,True,False,False,True,False,False,False,0.3333333333333333
nwb_ca1,26965_2020-Dec-11_10-58-11,26965_Bubinga,2020-12-11,open_field,NWB / Neuropixels,LEC,data\26965\26965_2020-Dec-11_10-58-11.nwb,544,,,,,,0,1,0,,384.0,True,nwb_session_summary,session_only,open field; party lights,,,,,,True,False,False,True,False,False,False,0.3333333333333333
nwb_ca1,26966_2020-Dec-14_15-18-10,26966_Cedar,2020-12-14,open_field_object,NWB / Neuropixels,LEC,data\26966\26966_2020-Dec-14_15-18-10.nwb,477,,,,,,0,1,0,,384.0,True,nwb_session_summary,session_only,open field; novel object,,,,,,True,False,False,True,False,False,False,0.3333333333333333
nwb_ca1,26966_2020-Dec-14_16-26-40,26966_Cedar,2020-12-14,unknown,NWB / Neuropixels,LEC,data\26966\26966_2020-Dec-14_16-26-40.nwb,477,,,,,,0,1,0,,384.0,True,nwb_session_summary,session_only,,,,,,,True,False,False,True,False,False,False,0.3333333333333333
nwb_ca1,26966_2020-Dec-15_11-47-50,26966_Cedar,2020-12-15,sequence_task,NWB / Neuropixels,LEC,data\26966\26966_2020-Dec-15_11-47-50.nwb,477,,,,,,0,1,0,,384.0,True,nwb_session_summary,session_only,figure-eight,,,,,,True,False,False,True,False,False,False,0.3333333333333333
nwb_ca1,26966_2020-Dec-16_11-48-01,26966_Cedar,2020-12-16,open_field_object,NWB / Neuropixels,LEC,data\26966\26966_2020-Dec-16_11-48-01.nwb,540,,,,,,0,1,0,,384.0,True,nwb_session_summary,session_only,open field; object,,,,,,True,False,False,True,False,False,False,0.3333333333333333
nwb_ca1,27284_2021-Jun-15_19-16-52,27284_Douglas,2021-06-15,other,NWB / Neuropixels,LEC; MEC - Layer 2,data\27284\27284_2021-Jun-15_19-16-52.nwb,2306,,,,,,0,1,0,,768.0,True,nwb_session_summary,session_only,"2 OF sessions with short pot break inbetween, some jumping",,,,,,True,False,False,True,False,False,False,0.3333333333333333
nwb_ca1,27284_2021-Jun-16_08-24-12,27284_Douglas,2021-06-16,sleep,NWB / Neuropixels,LEC; MEC - Layer 2,data\27284\27284_2021-Jun-16_08-24-12.nwb,2537,,,,,,0,1,0,,768.0,True,nwb_session_summary,session_only,sleep,,,,,,True,False,False,True,False,False,False,0.3333333333333333
nwb_ca1,27284_2021-Jun-16_14-33-11,27284_Douglas,2021-06-16,other,NWB / Neuropixels,LEC; MEC - Layer 2,data\27284\27284_2021-Jun-16_14-33-11.nwb,2772,,,,,,0,1,0,,768.0,True,nwb_session_summary,session_only,OF tall walls,,,,,,True,False,False,True,False,False,False,0.3333333333333333
nwb_ca1,27284_2021-Jun-17_15-01-36,27284_Douglas,2021-06-17,open_field_object,NWB / Neuropixels,LEC; MEC - Layer 2,data\27284\27284_2021-Jun-17_15-01-36.nwb,1639,,,,,,0,1,0,,768.0,True,nwb_session_summary,session_only,OF and obj,,,,,,True,False,False,True,False,False,False,0.3333333333333333
nwb_ca1,27284_2021-Jun-18_11-01-41,27284_Douglas,2021-06-18,open_field_object,NWB / Neuropixels,LEC; MEC - Layer 2,data\27284\27284_2021-Jun-18_11-01-41.nwb,1226,,,,,,0,1,0,,768.0,True,nwb_session_summary,session_only,open field and objA of WWW,,,,,,True,False,False,True,False,False,False,0.3333333333333333
nwb_ca1,27285_2021-Jul-01_08-10-45,27285_Elm,2021-07-01,sleep,NWB / Neuropixels,LEC; HP - CA3; MEC - Layer 2,data\27285\27285_2021-Jul-01_08-10-45.nwb,8703,,,,,,0,3,0,,1152.0,True,nwb_session_summary,session_only,"sleep, sequence task",,,,,,True,False,False,True,False,False,False,0.3333333333333333
nwb_ca1,27285_2021-Jul-01_12-33-30,27285_Elm,2021-07-01,sequence_task,NWB / Neuropixels,LEC; HP - CA3; MEC - Layer 2,data\27285\27285_2021-Jul-01_12-33-30.nwb,8703,,,,,,0,3,0,,1152.0,True,nwb_session_summary,session_only,"seq2, comparison probes",,,,,,True,False,False,True,False,False,False,0.3333333333333333
nwb_ca1,27285_2021-Jul-01_13-26-22,27285_Elm,2021-07-01,open_field,NWB / Neuropixels,LEC; HP - CA3; MEC - Layer 2,data\27285\27285_2021-Jul-01_13-26-22.nwb,951,,,,,,0,1,0,,1152.0,True,nwb_session_summary,session_only,"open field, WHAT, and WHERE",,,,,,True,False,False,True,False,False,False,0.3333333333333333
nwb_ca1,27285_2021-Jul-02_13-23-12,27285_Elm,2021-07-02,open_field,NWB / Neuropixels,LEC; HP - CA3; MEC - Layer 2,data\27285\27285_2021-Jul-02_13-23-12.nwb,875,,,,,,0,1,0,,1152.0,True,nwb_session_summary,session_only,"open field, WHEN1",,,,,,True,False,False,True,False,False,False,0.3333333333333333
nwb_ca1,27285_2021-Jun-30_10-03-39,27285_Elm,2021-06-30,sequence_task,NWB / Neuropixels,LEC; HP - CA3; MEC - Layer 2,data\27285\27285_2021-Jun-30_10-03-39.nwb,9578,,,,,,0,3,0,,1152.0,True,nwb_session_summary,session_only,sequence task,,,,,,True,False,False,True,False,False,False,0.3333333333333333
nwb_ca1,27285_2021-Jun-30_13-05-14,27285_Elm,2021-06-30,sequence_task,NWB / Neuropixels,LEC; HP - CA3; MEC - Layer 2,data\27285\27285_2021-Jun-30_13-05-14.nwb,9578,,,,,,0,3,0,,1152.0,True,nwb_session_summary,session_only,sequence task,,,,,,True,False,False,True,False,False,False,0.3333333333333333
nwb_ca1,27285_2021-Jun-30_13-59-11,27285_Elm,2021-06-30,open_field,NWB / Neuropixels,LEC; HP - CA3; MEC - Layer 2,data\27285\27285_2021-Jun-30_13-59-11.nwb,2253,,,,,,0,1,0,,1152.0,True,nwb_session_summary,session_only,"open field, open field",,,,,,True,False,False,True,False,False,False,0.3333333333333333
nwb_ca1,27963_2022-Feb-08_21-14-27,27963_Hemlock,2022-02-08,open_field,NWB / Neuropixels,LEC; HP - CA1; MEC - Layer 2,data\27963\27963_2022-Feb-08_21-14-27.nwb,1890,,,,,,0,1,0,,1152.0,True,nwb_session_summary,session_only,OF,,,,,,True,False,False,True,False,False,False,0.3333333333333333
nwb_ca1,27963_2022-Feb-09_08-02-57,27963_Hemlock,2022-02-09,sleep,NWB / Neuropixels,LEC; HP - CA1; MEC - Layer 2,data\27963\27963_2022-Feb-09_08-02-57.nwb,2312,,,,,,0,1,0,,1152.0,True,nwb_session_summary,session_only,sleep,,,,,,True,False,False,True,False,False,False,0.3333333333333333
nwb_ca1,27963_2022-Feb-10_11-06-56,27963_Hemlock,2022-02-10,open_field_object,NWB / Neuropixels,LEC; HP - CA1; MEC - Layer 2,data\27963\27963_2022-Feb-10_11-06-56.nwb,1357,,,,,,0,1,0,,1152.0,True,nwb_session_summary,session_only,"OF, obj, obj, obj",,,,,,True,False,False,True,False,False,False,0.3333333333333333
nwb_ca1,27963_2022-Feb-10_14-07-47,27963_Hemlock,2022-02-10,open_field_object,NWB / Neuropixels,LEC; HP - CA1; MEC - Layer 2,data\27963\27963_2022-Feb-10_14-07-47.nwb,1288,,,,,,0,1,0,,1152.0,True,nwb_session_summary,session_only,"OF, obj, obj, obj",,,,,,True,False,False,True,False,False,False,0.3333333333333333
nwb_ca1,27963_2022-Feb-11_14-58-41,27963_Hemlock,2022-02-11,open_field,NWB / Neuropixels,LEC; HP - CA1; MEC - Layer 2,data\27963\27963_2022-Feb-11_14-58-41.nwb,1033,,,,,,0,1,0,,1152.0,True,nwb_session_summary,session_only,OF,,,,,,True,False,False,True,False,False,False,0.3333333333333333
nwb_ca1,28003_2022-Mar-07_20-44-03,28003_Ironwood,2022-03-07,other,NWB / Neuropixels,LEC; HP - CA1; MEC - Layer 2,data\28003\28003_2022-Mar-07_20-44-03.nwb,895,,,,,,0,1,0,,1152.0,True,nwb_session_summary,session_only,"OF, LEC was likely deep layers",,,,,,True,False,False,True,False,False,False,0.3333333333333333
nwb_ca1,28003_2022-Mar-08_11-22-53,28003_Ironwood,2022-03-08,open_field,NWB / Neuropixels,LEC; HP - CA1; MEC - Layer 2,data\28003\28003_2022-Mar-08_11-22-53.nwb,1193,,,,,,0,1,0,,1152.0,True,nwb_session_summary,session_only,OF,,,,,,True,False,False,True,False,False,False,0.3333333333333333
nwb_ca1,28003_2022-Mar-08_11-38-59,28003_Ironwood,2022-03-08,open_field,NWB / Neuropixels,LEC; HP - CA1; MEC - Layer 2,data\28003\28003_2022-Mar-08_11-38-59.nwb,1056,,,,,,0,1,0,,1152.0,True,nwb_session_summary,session_only,OF,,,,,,True,False,False,True,False,False,False,0.3333333333333333
nwb_ca1,28003_2022-Mar-08_15-04-04,28003_Ironwood,2022-03-08,open_field_object,NWB / Neuropixels,LEC; HP - CA1; MEC - Layer 2,data\28003\28003_2022-Mar-08_15-04-04.nwb,1386,,,,,,0,1,0,,1152.0,True,nwb_session_summary,session_only,object events,,,,,,True,False,False,True,False,False,False,0.3333333333333333
nwb_ca1,28003_2022-Mar-09_07-54-00,28003_Ironwood,2022-03-09,sleep,NWB / Neuropixels,LEC; HP - CA1; MEC - Layer 2,data\28003\28003_2022-Mar-09_07-54-00.nwb,1598,,,,,,0,1,0,,1152.0,True,nwb_session_summary,session_only,sleep,,,,,,True,False,False,True,False,False,False,0.3333333333333333
nwb_ca1,28003_2022-Mar-10_10-53-58,28003_Ironwood,2022-03-10,open_field_object,NWB / Neuropixels,LEC; HP - CA1; MEC - Layer 2,data\28003\28003_2022-Mar-10_10-53-58.nwb,834,,,,,,0,1,0,,1152.0,True,nwb_session_summary,session_only,object events,,,,,,True,False,False,True,False,False,False,0.3333333333333333
nwb_ca1,29629_2024-Oct-29_15-05-13,29629_Karri,2024-10-29,open_field_object,NWB / Neuropixels,LEC; HP - CA1,data\29629\29629_2024-Oct-29_15-05-13.nwb,380,,,,,,0,1,0,,768.0,True,nwb_session_summary,session_only,"OF, OBJ",,,,,,True,False,False,True,False,False,False,0.3333333333333333
nwb_ca1,29629_2024-Oct-30_05-40-15,29629_Karri,2024-10-30,sleep,NWB / Neuropixels,LEC; HP - CA1,data\29629\29629_2024-Oct-30_05-40-15.nwb,1009,,,,,,0,1,0,,768.0,True,nwb_session_summary,session_only,sleep,,,,,,True,False,False,True,False,False,False,0.3333333333333333
nwb_ca1,29629_2024-Oct-30_15-13-05,29629_Karri,2024-10-30,open_field_object,NWB / Neuropixels,LEC; HP - CA1,data\29629\29629_2024-Oct-30_15-13-05.nwb,396,,,,,,0,1,0,,768.0,True,nwb_session_summary,session_only,"OF, OBJ",,,,,,True,False,False,True,False,False,False,0.3333333333333333
nwb_ca1,29630_2024-Sep-17_07-08-26,29630_Juniper,2024-09-17,sleep,NWB / Neuropixels,LEC; MEC - Layer 2,data\29630\29630_2024-Sep-17_07-08-26.nwb,2728,,,,,,0,1,0,,768.0,True,nwb_session_summary,session_only,sleep,,,,,,True,False,False,True,False,False,False,0.3333333333333333
nwb_ca1,29630_2024-Sep-17_09-22-08,29630_Juniper,2024-09-17,open_field_object,NWB / Neuropixels,LEC; MEC - Layer 2,data\29630\29630_2024-Sep-17_09-22-08.nwb,2119,,,,,,0,1,0,,768.0,True,nwb_session_summary,session_only,"OF, OBJ",,,,,,True,False,False,True,False,False,False,0.3333333333333333
nwb_ca1,29630_2024-Sep-17_13-26-08,29630_Juniper,2024-09-17,sequence_task,NWB / Neuropixels,LEC; MEC - Layer 2,data\29630\29630_2024-Sep-17_13-26-08.nwb,6978,,,,,,0,3,0,,768.0,True,nwb_session_summary,session_only,seq1,,,,,,True,False,False,True,False,False,False,0.3333333333333333
nwb_ca1,29630_2024-Sep-17_23-09-30,29630_Juniper,2024-09-17,sleep,NWB / Neuropixels,LEC; MEC - Layer 2,data\29630\29630_2024-Sep-17_23-09-30.nwb,2776,,,,,,0,1,0,,768.0,True,nwb_session_summary,session_only,sleep,,,,,,True,False,False,True,False,False,False,0.3333333333333333
nwb_ca1,29630_2024-Sep-18_10-18-21,29630_Juniper,2024-09-18,open_field_object,NWB / Neuropixels,LEC; MEC - Layer 2,data\29630\29630_2024-Sep-18_10-18-21.nwb,1918,,,,,,0,1,0,,768.0,True,nwb_session_summary,session_only,"OF, OBJ",,,,,,True,False,False,True,False,False,False,0.3333333333333333
nwb_ca1,29630_2024-Sep-18_14-20-12,29630_Juniper,2024-09-18,sequence_task,NWB / Neuropixels,LEC; MEC - Layer 2,data\29630\29630_2024-Sep-18_14-20-12.nwb,4732,,,,,,0,3,0,,768.0,True,nwb_session_summary,session_only,seq2,,,,,,True,False,False,True,False,False,False,0.3333333333333333
nwb_ca1,29630_2024-Sep-18_15-19-16,29630_Juniper,2024-09-18,open_field_object,NWB / Neuropixels,LEC; MEC - Layer 2,data\29630\29630_2024-Sep-18_15-19-16.nwb,2246,,,,,,0,1,0,,768.0,True,nwb_session_summary,session_only,"OF, OBJ",,,,,,True,False,False,True,False,False,False,0.3333333333333333
nwb_ca1,29630_2024-Sep-19_05-09-20,29630_Juniper,2024-09-19,sleep,NWB / Neuropixels,LEC; MEC - Layer 2,data\29630\29630_2024-Sep-19_05-09-20.nwb,2195,,,,,,0,1,0,,768.0,True,nwb_session_summary,session_only,sleep,,,,,,True,False,False,True,False,False,False,0.3333333333333333
nwb_ca1,29630_2024-Sep-19_11-15-17,29630_Juniper,2024-09-19,sequence_task,NWB / Neuropixels,LEC; MEC - Layer 2,data\29630\29630_2024-Sep-19_11-15-17.nwb,5029,,,,,,0,3,0,,768.0,True,nwb_session_summary,session_only,seq1,,,,,,True,False,False,True,False,False,False,0.3333333333333333
nwb_ca1,29630_2024-Sep-20_09-49-05,29630_Juniper,2024-09-20,open_field_object,NWB / Neuropixels,LEC; MEC - Layer 2,data\29630\29630_2024-Sep-20_09-49-05.nwb,1749,,,,,,0,1,0,,768.0,True,nwb_session_summary,session_only,"OF, OBJ",,,,,,True,False,False,True,False,False,False,0.3333333333333333
nwb_ca1,29630_2024-Sep-20_10-32-21,29630_Juniper,2024-09-20,sequence_task,NWB / Neuropixels,LEC; MEC - Layer 2,data\29630\29630_2024-Sep-20_10-32-21.nwb,5744,,,,,,0,3,0,,768.0,True,nwb_session_summary,session_only,seq1,,,,,,True,False,False,True,False,False,False,0.3333333333333333
nwb_ca1,29630_2024-Sep-20_13-20-20,29630_Juniper,2024-09-20,sequence_task,NWB / Neuropixels,LEC; MEC - Layer 2,data\29630\29630_2024-Sep-20_13-20-20.nwb,4461,,,,,,0,3,0,,768.0,True,nwb_session_summary,session_only,seq2,,,,,,True,False,False,True,False,False,False,0.3333333333333333
nwb_ca1,29630_2024-Sep-24_14-25-53,29630_Juniper,2024-09-24,sequence_task,NWB / Neuropixels,LEC; MEC - Layer 2,data\29630\29630_2024-Sep-24_14-25-53.nwb,6523,,,,,,0,3,0,,768.0,True,nwb_session_summary,session_only,seq2,,,,,,True,False,False,True,False,False,False,0.3333333333333333
legacy_touchscreen,rat-14_190130,rat-14,190130,object_task,Neuralynx / Neo legacy,VIS; PR; HPC; S1BF,rat-14_190130,5,57451.0,,,1.5551035743210178,1.587017154835273,106,13747,128,,,False,legacy_summary_plus_previews,session_plus_preview_units_trials,,11490.2,541.9905660377359,129.68867924528303,0.04716981132075472,1.5551035743210178,True,True,True,True,True,False,True,1.0
legacy_touchscreen,rat-14_190131,rat-14,190131,object_task,Neuralynx / Neo legacy,VIS; PR; HPC; S1BF,rat-14_190131,49,2718718.0,,,7.447170390919319,2.5221627112383413,106,22575,128,,,False,legacy_summary_plus_previews,session_plus_preview_units_trials,,55484.04081632653,25648.283018867925,212.97169811320754,0.46226415094339623,7.447170390919319,True,True,True,True,True,False,True,1.0
legacy_touchscreen,rat-14_190202,,,object_task,Neuralynx / Neo legacy,VIS; PR; HPC; S1BF,rat-14_190202,0,0.0,,,,,0,0,0,,,False,legacy_summary_plus_previews,session_plus_preview_units_trials,,,,,,,False,False,False,False,False,False,False,0.0
legacy_touchscreen,rat-14_190204,,,object_task,Neuralynx / Neo legacy,VIS; PR; HPC; S1BF,rat-14_190204,0,0.0,,,,,0,0,0,,,False,legacy_summary_plus_previews,session_plus_preview_units_trials,,,,,,,False,False,False,False,False,False,False,0.0
legacy_touchscreen,rat-14_190205,rat-14,190205,object_task,Neuralynx / Neo legacy,VIS; PR; HPC; S1BF,rat-14_190205,43,2088251.0,,,8.657075393134882,3.716568884426812,84,31411,127,,,False,legacy_summary_plus_previews,session_plus_preview_units_trials,,48563.976744186046,24860.130952380954,373.9404761904762,0.5119047619047619,8.657075393134882,True,True,True,True,True,False,True,1.0
legacy_touchscreen,rat-14_190206,,,object_task,Neuralynx / Neo legacy,VIS; PR; HPC; S1BF,rat-14_190206,0,0.0,,,,,0,0,0,,,False,legacy_summary_plus_previews,session_plus_preview_units_trials,,,,,,,False,False,False,False,False,False,False,0.0
legacy_touchscreen,rat-14_190207,rat-14,190207,object_task,Neuralynx / Neo legacy,VIS; PR; HPC; S1BF,rat-14_190207,29,1117289.0,,,6.673827776872502,2.5174609553637004,74,28063,128,,,False,legacy_summary_plus_previews,session_plus_preview_units_trials,,38527.206896551725,15098.5,379.22972972972974,0.3918918918918919,6.673827776872502,True,True,True,True,True,False,True,1.0
legacy_touchscreen,rat-16_181012,rat-16,181012,object_task,Neuralynx / Neo legacy,VIS; PR; HPC; S1BF,rat-16_181012,86,2565589.0,,,5.348153886742059,1.8258074462897627,121,22569,128,,,False,legacy_summary_plus_previews,session_plus_preview_units_trials,,29832.43023255814,21203.214876033056,186.5206611570248,0.7107438016528925,5.348153886742059,True,True,True,True,True,False,True,1.0
legacy_touchscreen,rat-16_181013,,,object_task,Neuralynx / Neo legacy,VIS; PR; HPC; S1BF,rat-16_181013,0,0.0,,,,,0,0,0,,,False,legacy_summary_plus_previews,session_plus_preview_units_trials,,,,,,,False,False,False,False,False,False,False,0.0
legacy_touchscreen,rat-16_181015,rat-16,181015,object_task,Neuralynx / Neo legacy,VIS; PR; HPC; S1BF,rat-16_181015,25,392930.0,,,2.2678004995821426,0.9136304661997129,106,22408,127,,,False,legacy_summary_plus_previews,session_plus_preview_units_trials,,15717.2,3706.8867924528304,211.39622641509433,0.2358490566037736,2.2678004995821426,True,True,True,True,True,False,True,1.0
legacy_touchscreen,rat-16_181016,,,object_task,Neuralynx / Neo legacy,VIS; PR; HPC; S1BF,rat-16_181016,0,0.0,,,,,0,0,0,,,False,legacy_summary_plus_previews,session_plus_preview_units_trials,,,,,,,False,False,False,False,False,False,False,0.0
legacy_touchscreen,rat-16_181021,,,object_task,Neuralynx / Neo legacy,VIS; PR; HPC; S1BF,rat-16_181021,0,0.0,,,,,0,0,0,,,False,legacy_summary_plus_previews,session_plus_preview_units_trials,,,,,,,False,False,False,False,False,False,False,0.0
legacy_touchscreen,rat-16_181022,,,object_task,Neuralynx / Neo legacy,VIS; PR; HPC; S1BF,rat-16_181022,0,0.0,,,,,0,0,0,,,False,legacy_summary_plus_previews,session_plus_preview_units_trials,,,,,,,False,False,False,False,False,False,False,0.0
legacy_touchscreen,rat-16_181023,,,object_task,Neuralynx / Neo legacy,VIS; PR; HPC; S1BF,rat-16_181023,0,0.0,,,,,0,0,0,,,False,legacy_summary_plus_previews,session_plus_preview_units_trials,,,,,,,False,False,False,False,False,False,False,0.0
legacy_touchscreen,rat-16_181024,,,object_task,Neuralynx / Neo legacy,VIS; PR; HPC; S1BF,rat-16_181024,0,0.0,,,,,0,0,0,,,False,legacy_summary_plus_previews,session_plus_preview_units_trials,,,,,,,False,False,False,False,False,False,False,0.0
legacy_touchscreen,rat-16_181025,,,object_task,Neuralynx / Neo legacy,VIS; PR; HPC; S1BF,rat-16_181025,0,0.0,,,,,0,0,0,,,False,legacy_summary_plus_previews,session_plus_preview_units_trials,,,,,,,False,False,False,False,False,False,False,0.0
legacy_touchscreen,rat-16_181029,,,object_task,Neuralynx / Neo legacy,VIS; PR; HPC; S1BF,rat-16_181029,0,0.0,,,,,0,0,0,,,False,legacy_summary_plus_previews,session_plus_preview_units_trials,,,,,,,False,False,False,False,False,False,False,0.0
legacy_touchscreen,rat-26_190625,,,object_task,Neuralynx / Neo legacy,VIS; PR; HPC; S1BF,rat-26_190625,0,0.0,,,,,0,0,0,,,False,legacy_summary_plus_previews,session_plus_preview_units_trials,,,,,,,False,False,False,False,False,False,False,0.0
legacy_touchscreen,rat-26_190626,,,object_task,Neuralynx / Neo legacy,VIS; PR; HPC; S1BF,rat-26_190626,0,0.0,,,,,0,0,0,,,False,legacy_summary_plus_previews,session_plus_preview_units_trials,,,,,,,False,False,False,False,False,False,False,0.0
legacy_touchscreen,rat-26_190627,,,object_task,Neuralynx / Neo legacy,VIS; PR; HPC; S1BF,rat-26_190627,0,0.0,,,,,0,0,0,,,False,legacy_summary_plus_previews,session_plus_preview_units_trials,,,,,,,False,False,False,False,False,False,False,0.0
legacy_touchscreen,rat-26_190702,,,object_task,Neuralynx / Neo legacy,VIS; PR; HPC; S1BF,rat-26_190702,0,0.0,,,,,0,0,0,,,False,legacy_summary_plus_previews,session_plus_preview_units_trials,,,,,,,False,False,False,False,False,False,False,0.0
legacy_touchscreen,rat-27_191128,,,object_task,Neuralynx / Neo legacy,VIS; PR; HPC; S1BF,rat-27_191128,0,0.0,,,,,0,0,0,,,False,legacy_summary_plus_previews,session_plus_preview_units_trials,,,,,,,False,False,False,False,False,False,False,0.0
legacy_touchscreen,rat-27_191204,,,object_task,Neuralynx / Neo legacy,VIS; PR; HPC; S1BF,rat-27_191204,0,0.0,,,,,0,0,0,,,False,legacy_summary_plus_previews,session_plus_preview_units_trials,,,,,,,False,False,False,False,False,False,False,0.0
legacy_touchscreen,rat-27_191209,,,object_task,Neuralynx / Neo legacy,VIS; PR; HPC; S1BF,rat-27_191209,0,0.0,,,,,0,0,0,,,False,legacy_summary_plus_previews,session_plus_preview_units_trials,,,,,,,False,False,False,False,False,False,False,0.0
legacy_touchscreen,rat-27_191210,,,object_task,Neuralynx / Neo legacy,VIS; PR; HPC; S1BF,rat-27_191210,0,0.0,,,,,0,0,0,,,False,legacy_summary_plus_previews,session_plus_preview_units_trials,,,,,,,False,False,False,False,False,False,False,0.0
touchandsee,Ramachandran_samp20_2012-08-09,Ramachandran,2012-08-09,object_task,Neo pickle legacy,unspecified TouchAndSee recording groups,TouchAndSee\Ramachandran\samp20\hbp-01681_TouchAndSee_Ramachandran_samp20__2012-08-09.pkl,910,283058.0,,,,,35,210,105,,,False,touchandsee_compact_block_summary,session_plus_preview_trials,,311.0527472527473,8087.371428571429,6.0,26.0,,True,True,True,True,True,False,False,0.8333333333333334
touchandsee,Ramachandran_samp21_2012-08-10,Ramachandran,2012-08-10,object_task,Neo pickle legacy,unspecified TouchAndSee recording groups,TouchAndSee\Ramachandran\samp21\hbp-01681_TouchAndSee_Ramachandran_samp21__2012-08-10.pkl,2050,0.0,,,,,50,300,150,,,False,touchandsee_compact_block_summary,session_plus_preview_trials,,0.0,0.0,6.0,41.0,,True,False,True,True,True,False,False,0.6666666666666666
touchandsee,Ramachandran_samp22_2012-08-11,Ramachandran,2012-08-11,object_task,Neo pickle legacy,unspecified TouchAndSee recording groups,TouchAndSee\Ramachandran\samp22\hbp-01681_TouchAndSee_Ramachandran_samp22__2012-08-11.pkl,1014,0.0,,,,,39,234,117,,,False,touchandsee_compact_block_summary,session_plus_preview_trials,,0.0,0.0,6.0,26.0,,True,False,True,True,True,False,False,0.6666666666666666
touchandsee,Ramachandran_samp23_2012-08-12,Ramachandran,2012-08-12,object_task,Neo pickle legacy,unspecified TouchAndSee recording groups,TouchAndSee\Ramachandran\samp23\hbp-01681_TouchAndSee_Ramachandran_samp23__2012-08-12.pkl,768,0.0,,,,,32,192,96,,,False,touchandsee_compact_block_summary,session_plus_preview_trials,,0.0,0.0,6.0,24.0,,True,False,True,True,True,False,False,0.6666666666666666
touchandsee,Ramachandran_samp24_2012-08-13,Ramachandran,2012-08-13,object_task,Neo pickle legacy,unspecified TouchAndSee recording groups,TouchAndSee\Ramachandran\samp24\hbp-01681_TouchAndSee_Ramachandran_samp24__2012-08-13.pkl,1496,0.0,,,,,44,264,132,,,False,touchandsee_compact_block_summary,session_plus_preview_trials,,0.0,0.0,6.0,34.0,,True,False,True,True,True,False,False,0.6666666666666666
touchandsee,Ramachandran_samp25_2012-08-14,Ramachandran,2012-08-14,object_task,Neo pickle legacy,unspecified TouchAndSee recording groups,TouchAndSee\Ramachandran\samp25\hbp-01681_TouchAndSee_Ramachandran_samp25__2012-08-14.pkl,378,0.0,,,,,54,324,162,,,False,touchandsee_compact_block_summary,session_plus_preview_trials,,0.0,0.0,6.0,7.0,,True,False,True,True,True,False,False,0.6666666666666666
touchandsee,Ramachandran_samp26_2012-08-15,Ramachandran,2012-08-15,object_task,Neo pickle legacy,unspecified TouchAndSee recording groups,TouchAndSee\Ramachandran\samp26\hbp-01681_TouchAndSee_Ramachandran_samp26__2012-08-15.pkl,1560,0.0,,,,,52,312,156,,,False,touchandsee_compact_block_summary,session_plus_preview_trials,,0.0,0.0,6.0,30.0,,True,False,True,True,True,False,False,0.6666666666666666
touchandsee,Ramachandran_samp27_2012-08-16,Ramachandran,2012-08-16,object_task,Neo pickle legacy,unspecified TouchAndSee recording groups,TouchAndSee\Ramachandran\samp27\hbp-01681_TouchAndSee_Ramachandran_samp27__2012-08-16.pkl,2256,0.0,,,,,48,288,144,,,False,touchandsee_compact_block_summary,session_plus_preview_trials,,0.0,0.0,6.0,47.0,,True,False,True,True,True,False,False,0.6666666666666666
touchandsee,Ramachandran_samp28_2012-08-17,Ramachandran,2012-08-17,object_task,Neo pickle legacy,unspecified TouchAndSee recording groups,TouchAndSee\Ramachandran\samp28\hbp-01681_TouchAndSee_Ramachandran_samp28__2012-08-17.pkl,4700,0.0,,,,,47,282,141,,,False,touchandsee_compact_block_summary,session_plus_preview_trials,,0.0,0.0,6.0,100.0,,True,False,True,True,True,False,False,0.6666666666666666
touchandsee,Ramachandran_samp29_2012-08-18,Ramachandran,2012-08-18,object_task,Neo pickle legacy,unspecified TouchAndSee recording groups,TouchAndSee\Ramachandran\samp29\hbp-01681_TouchAndSee_Ramachandran_samp29__2012-08-18.pkl,2277,0.0,,,,,33,198,99,,,False,touchandsee_compact_block_summary,session_plus_preview_trials,,0.0,0.0,6.0,69.0,,True,False,True,True,True,False,False,0.6666666666666666
touchandsee,Ramachandran_samp30_2012-08-20,Ramachandran,2012-08-20,object_task,Neo pickle legacy,unspecified TouchAndSee recording groups,TouchAndSee\Ramachandran\samp30\hbp-01681_TouchAndSee_Ramachandran_samp30__2012-08-20.pkl,2835,0.0,,,,,45,270,135,,,False,touchandsee_compact_block_summary,session_plus_preview_trials,,0.0,0.0,6.0,63.0,,True,False,True,True,True,False,False,0.6666666666666666
touchandsee,Ramachandran_samp31_2012-08-21,Ramachandran,2012-08-21,object_task,Neo pickle legacy,unspecified TouchAndSee recording groups,TouchAndSee\Ramachandran\samp31\hbp-01681_TouchAndSee_Ramachandran_samp31__2012-08-21.pkl,1728,0.0,,,,,36,216,108,,,False,touchandsee_compact_block_summary,session_plus_preview_trials,,0.0,0.0,6.0,48.0,,True,False,True,True,True,False,False,0.6666666666666666
touchandsee,Ramachandran_samp32_2012-08-22,Ramachandran,2012-08-22,object_task,Neo pickle legacy,unspecified TouchAndSee recording groups,TouchAndSee\Ramachandran\samp32\hbp-01681_TouchAndSee_Ramachandran_samp32__2012-08-22.pkl,896,0.0,,,,,32,192,96,,,False,touchandsee_compact_block_summary,session_plus_preview_trials,,0.0,0.0,6.0,28.0,,True,False,True,True,True,False,False,0.6666666666666666
touchandsee,Ramachandran_samp33_2012-08-22,Ramachandran,2012-08-22,object_task,Neo pickle legacy,unspecified TouchAndSee recording groups,TouchAndSee\Ramachandran\samp33\hbp-01681_TouchAndSee_Ramachandran_samp33__2012-08-22.pkl,420,0.0,,,,,35,210,105,,,False,touchandsee_compact_block_summary,session_plus_preview_trials,,0.0,0.0,6.0,12.0,,True,False,True,True,True,False,False,0.6666666666666666
touchandsee,Taskmaster_samp1_2012-01-03,Taskmaster,2012-01-03,object_task,Neo pickle legacy,unspecified TouchAndSee recording groups,TouchAndSee\Taskmaster\samp1\hbp-01681_TouchAndSee_Taskmaster_samp1__2012-01-03.pkl,4368,0.0,,,,,78,468,234,,,False,touchandsee_compact_block_summary,session_plus_preview_trials,,0.0,0.0,6.0,56.0,,True,False,True,True,True,False,False,0.6666666666666666
touchandsee,Taskmaster_samp10_2012-01-15,Taskmaster,2012-01-15,object_task,Neo pickle legacy,unspecified TouchAndSee recording groups,TouchAndSee\Taskmaster\samp10\hbp-01681_TouchAndSee_Taskmaster_samp10__2012-01-15.pkl,4950,0.0,,,,,75,450,225,,,False,touchandsee_compact_block_summary,session_plus_preview_trials,,0.0,0.0,6.0,66.0,,True,False,True,True,True,False,False,0.6666666666666666
touchandsee,Taskmaster_samp11_2012-01-16,Taskmaster,2012-01-16,object_task,Neo pickle legacy,unspecified TouchAndSee recording groups,TouchAndSee\Taskmaster\samp11\hbp-01681_TouchAndSee_Taskmaster_samp11__2012-01-16.pkl,4092,0.0,,,,,62,372,186,,,False,touchandsee_compact_block_summary,session_plus_preview_trials,,0.0,0.0,6.0,66.0,,True,False,True,True,True,False,False,0.6666666666666666
touchandsee,Taskmaster_samp12_2012-01-17,Taskmaster,2012-01-17,object_task,Neo pickle legacy,unspecified TouchAndSee recording groups,TouchAndSee\Taskmaster\samp12\hbp-01681_TouchAndSee_Taskmaster_samp12__2012-01-17.pkl,3139,0.0,,,,,73,438,219,,,False,touchandsee_compact_block_summary,session_plus_preview_trials,,0.0,0.0,6.0,43.0,,True,False,True,True,True,False,False,0.6666666666666666
touchandsee,Taskmaster_samp13_2012-01-18,Taskmaster,2012-01-18,object_task,Neo pickle legacy,unspecified TouchAndSee recording groups,TouchAndSee\Taskmaster\samp13\hbp-01681_TouchAndSee_Taskmaster_samp13__2012-01-18.pkl,2900,0.0,,,,,58,348,174,,,False,touchandsee_compact_block_summary,session_plus_preview_trials,,0.0,0.0,6.0,50.0,,True,False,True,True,True,False,False,0.6666666666666666
touchandsee,Taskmaster_samp14_2011-12-22,Taskmaster,2011-12-22,object_task,Neo pickle legacy,unspecified TouchAndSee recording groups,TouchAndSee\Taskmaster\samp14\hbp-01681_TouchAndSee_Taskmaster_samp14__2011-12-22.pkl,310,0.0,,,,,31,186,93,,,False,touchandsee_compact_block_summary,session_plus_preview_trials,,0.0,0.0,6.0,10.0,,True,False,True,True,True,False,False,0.6666666666666666
touchandsee,Taskmaster_samp15_2011-12-23,Taskmaster,2011-12-23,object_task,Neo pickle legacy,unspecified TouchAndSee recording groups,TouchAndSee\Taskmaster\samp15\hbp-01681_TouchAndSee_Taskmaster_samp15__2011-12-23.pkl,1296,0.0,,,,,36,216,108,,,False,touchandsee_compact_block_summary,session_plus_preview_trials,,0.0,0.0,6.0,36.0,,True,False,True,True,True,False,False,0.6666666666666666
touchandsee,Taskmaster_samp16_2011-12-24,Taskmaster,2011-12-24,object_task,Neo pickle legacy,unspecified TouchAndSee recording groups,TouchAndSee\Taskmaster\samp16\hbp-01681_TouchAndSee_Taskmaster_samp16__2011-12-24.pkl,3233,0.0,,,,,61,366,183,,,False,touchandsee_compact_block_summary,session_plus_preview_trials,,0.0,0.0,6.0,53.0,,True,False,True,True,True,False,False,0.6666666666666666
touchandsee,Taskmaster_samp17_2011-12-25,Taskmaster,2011-12-25,object_task,Neo pickle legacy,unspecified TouchAndSee recording groups,TouchAndSee\Taskmaster\samp17\hbp-01681_TouchAndSee_Taskmaster_samp17__2011-12-25.pkl,4355,0.0,,,,,65,390,195,,,False,touchandsee_compact_block_summary,session_plus_preview_trials,,0.0,0.0,6.0,67.0,,True,False,True,True,True,False,False,0.6666666666666666
touchandsee,Taskmaster_samp18_2011-12-29,Taskmaster,2011-12-29,object_task,Neo pickle legacy,unspecified TouchAndSee recording groups,TouchAndSee\Taskmaster\samp18\hbp-01681_TouchAndSee_Taskmaster_samp18__2011-12-29.pkl,4500,0.0,,,,,100,600,300,,,False,touchandsee_compact_block_summary,session_plus_preview_trials,,0.0,0.0,6.0,45.0,,True,False,True,True,True,False,False,0.6666666666666666
touchandsee,Taskmaster_samp19_2011-12-30,Taskmaster,2011-12-30,object_task,Neo pickle legacy,unspecified TouchAndSee recording groups,TouchAndSee\Taskmaster\samp19\hbp-01681_TouchAndSee_Taskmaster_samp19__2011-12-30.pkl,3916,0.0,,,,,89,534,267,,,False,touchandsee_compact_block_summary,session_plus_preview_trials,,0.0,0.0,6.0,44.0,,True,False,True,True,True,False,False,0.6666666666666666
touchandsee,Taskmaster_samp2_2012-01-03,Taskmaster,2012-01-03,object_task,Neo pickle legacy,unspecified TouchAndSee recording groups,TouchAndSee\Taskmaster\samp2\hbp-01681_TouchAndSee_Taskmaster_samp2__2012-01-03.pkl,4408,0.0,,,,,76,456,228,,,False,touchandsee_compact_block_summary,session_plus_preview_trials,,0.0,0.0,6.0,58.0,,True,False,True,True,True,False,False,0.6666666666666666
touchandsee,Taskmaster_samp3_2012-01-04,Taskmaster,2012-01-04,object_task,Neo pickle legacy,unspecified TouchAndSee recording groups,TouchAndSee\Taskmaster\samp3\hbp-01681_TouchAndSee_Taskmaster_samp3__2012-01-04.pkl,4275,0.0,,,,,75,450,225,,,False,touchandsee_compact_block_summary,session_plus_preview_trials,,0.0,0.0,6.0,57.0,,True,False,True,True,True,False,False,0.6666666666666666
touchandsee,Taskmaster_samp4_2012-01-05,Taskmaster,2012-01-05,object_task,Neo pickle legacy,unspecified TouchAndSee recording groups,TouchAndSee\Taskmaster\samp4\hbp-01681_TouchAndSee_Taskmaster_samp4__2012-01-05.pkl,4582,0.0,,,,,79,474,237,,,False,touchandsee_compact_block_summary,session_plus_preview_trials,,0.0,0.0,6.0,58.0,,True,False,True,True,True,False,False,0.6666666666666666
touchandsee,Taskmaster_samp5_2012-01-06,Taskmaster,2012-01-06,object_task,Neo pickle legacy,unspecified TouchAndSee recording groups,TouchAndSee\Taskmaster\samp5\hbp-01681_TouchAndSee_Taskmaster_samp5__2012-01-06.pkl,4275,0.0,,,,,57,342,171,,,False,touchandsee_compact_block_summary,session_plus_preview_trials,,0.0,0.0,6.0,75.0,,True,False,True,True,True,False,False,0.6666666666666666
touchandsee,Taskmaster_samp6_2012-01-10,Taskmaster,2012-01-10,object_task,Neo pickle legacy,unspecified TouchAndSee recording groups,TouchAndSee\Taskmaster\samp6\hbp-01681_TouchAndSee_Taskmaster_samp6__2012-01-10.pkl,4992,0.0,,,,,78,468,234,,,False,touchandsee_compact_block_summary,session_plus_preview_trials,,0.0,0.0,6.0,64.0,,True,False,True,True,True,False,False,0.6666666666666666
touchandsee,Taskmaster_samp7_2012-01-11,Taskmaster,2012-01-11,object_task,Neo pickle legacy,unspecified TouchAndSee recording groups,TouchAndSee\Taskmaster\samp7\hbp-01681_TouchAndSee_Taskmaster_samp7__2012-01-11.pkl,6052,0.0,,,,,89,534,267,,,False,touchandsee_compact_block_summary,session_plus_preview_trials,,0.0,0.0,6.0,68.0,,True,False,True,True,True,False,False,0.6666666666666666
touchandsee,Taskmaster_samp8_2012-01-12,Taskmaster,2012-01-12,object_task,Neo pickle legacy,unspecified TouchAndSee recording groups,TouchAndSee\Taskmaster\samp8\hbp-01681_TouchAndSee_Taskmaster_samp8__2012-01-12.pkl,4800,0.0,,,,,75,450,225,,,False,touchandsee_compact_block_summary,session_plus_preview_trials,,0.0,0.0,6.0,64.0,,True,False,True,True,True,False,False,0.6666666666666666
touchandsee,Taskmaster_samp9_2012-01-14,Taskmaster,2012-01-14,object_task,Neo pickle legacy,unspecified TouchAndSee recording groups,TouchAndSee\Taskmaster\samp9\hbp-01681_TouchAndSee_Taskmaster_samp9__2012-01-14.pkl,3696,0.0,,,,,77,462,231,,,False,touchandsee_compact_block_summary,session_plus_preview_trials,,0.0,0.0,6.0,48.0,,True,False,True,True,True,False,False,0.6666666666666666
touchandsee,Turing_samp34_2012-09-14,Turing,2012-09-14,object_task,Neo pickle legacy,unspecified TouchAndSee recording groups,TouchAndSee\Turing\samp34\hbp-01681_TouchAndSee_Turing_samp34__2012-09-14.pkl,1092,0.0,,,,,52,312,156,,,False,touchandsee_compact_block_summary,session_plus_preview_trials,,0.0,0.0,6.0,21.0,,True,False,True,True,True,False,False,0.6666666666666666
touchandsee,Turing_samp35_2012-09-15,Turing,2012-09-15,object_task,Neo pickle legacy,unspecified TouchAndSee recording groups,TouchAndSee\Turing\samp35\hbp-01681_TouchAndSee_Turing_samp35__2012-09-15.pkl,48,0.0,,,,,2,12,6,,,False,touchandsee_compact_block_summary,session_plus_preview_trials,,0.0,0.0,6.0,24.0,,True,False,True,True,True,False,False,0.6666666666666666
touchandsee,Turing_samp36_2012-09-15,Turing,2012-09-15,object_task,Neo pickle legacy,unspecified TouchAndSee recording groups,TouchAndSee\Turing\samp36\hbp-01681_TouchAndSee_Turing_samp36__2012-09-15.pkl,980,0.0,,,,,49,294,147,,,False,touchandsee_compact_block_summary,session_plus_preview_trials,,0.0,0.0,6.0,20.0,,True,False,True,True,True,False,False,0.6666666666666666
touchandsee,Turing_samp37_2012-09-16,Turing,2012-09-16,object_task,Neo pickle legacy,unspecified TouchAndSee recording groups,TouchAndSee\Turing\samp37\hbp-01681_TouchAndSee_Turing_samp37__2012-09-16.pkl,780,0.0,,,,,78,468,234,,,False,touchandsee_compact_block_summary,session_plus_preview_trials,,0.0,0.0,6.0,10.0,,True,False,True,True,True,False,False,0.6666666666666666
touchandsee,Turing_samp38_2012-09-17,Turing,2012-09-17,object_task,Neo pickle legacy,unspecified TouchAndSee recording groups,TouchAndSee\Turing\samp38\hbp-01681_TouchAndSee_Turing_samp38__2012-09-17.pkl,864,0.0,,,,,48,288,144,,,False,touchandsee_compact_block_summary,session_plus_preview_trials,,0.0,0.0,6.0,18.0,,True,False,True,True,True,False,False,0.6666666666666666
touchandsee,Turing_samp39_2012-09-18,Turing,2012-09-18,object_task,Neo pickle legacy,unspecified TouchAndSee recording groups,TouchAndSee\Turing\samp39\hbp-01681_TouchAndSee_Turing_samp39__2012-09-18.pkl,650,0.0,,,,,65,390,195,,,False,touchandsee_compact_block_summary,session_plus_preview_trials,,0.0,0.0,6.0,10.0,,True,False,True,True,True,False,False,0.6666666666666666
touchandsee,Turing_samp40_2012-09-19,Turing,2012-09-19,object_task,Neo pickle legacy,unspecified TouchAndSee recording groups,TouchAndSee\Turing\samp40\hbp-01681_TouchAndSee_Turing_samp40__2012-09-19.pkl,345,0.0,,,,,23,138,69,,,False,touchandsee_compact_block_summary,session_plus_preview_trials,,0.0,0.0,6.0,15.0,,True,False,True,True,True,False,False,0.6666666666666666
touchandsee,Turing_samp41_2012-09-19,Turing,2012-09-19,object_task,Neo pickle legacy,unspecified TouchAndSee recording groups,TouchAndSee\Turing\samp41\hbp-01681_TouchAndSee_Turing_samp41__2012-09-19.pkl,234,0.0,,,,,26,156,78,,,False,touchandsee_compact_block_summary,session_plus_preview_trials,,0.0,0.0,6.0,9.0,,True,False,True,True,True,False,False,0.6666666666666666
touchandsee,Turing_samp42_2012-09-20,Turing,2012-09-20,object_task,Neo pickle legacy,unspecified TouchAndSee recording groups,TouchAndSee\Turing\samp42\hbp-01681_TouchAndSee_Turing_samp42__2012-09-20.pkl,378,0.0,,,,,27,162,81,,,False,touchandsee_compact_block_summary,session_plus_preview_trials,,0.0,0.0,6.0,14.0,,True,False,True,True,True,False,False,0.6666666666666666
touchandsee,Turing_samp43_2012-09-21,Turing,2012-09-21,object_task,Neo pickle legacy,unspecified TouchAndSee recording groups,TouchAndSee\Turing\samp43\hbp-01681_TouchAndSee_Turing_samp43__2012-09-21.pkl,1083,0.0,,,,,57,342,171,,,False,touchandsee_compact_block_summary,session_plus_preview_trials,,0.0,0.0,6.0,19.0,,True,False,True,True,True,False,False,0.6666666666666666
touchandsee,Turing_samp44_2012-09-22,Turing,2012-09-22,object_task,Neo pickle legacy,unspecified TouchAndSee recording groups,TouchAndSee\Turing\samp44\hbp-01681_TouchAndSee_Turing_samp44__2012-09-22.pkl,972,0.0,,,,,54,324,162,,,False,touchandsee_compact_block_summary,session_plus_preview_trials,,0.0,0.0,6.0,18.0,,True,False,True,True,True,False,False,0.6666666666666666
touchandsee,Turing_samp45_2012-09-25,Turing,2012-09-25,object_task,Neo pickle legacy,unspecified TouchAndSee recording groups,TouchAndSee\Turing\samp45\hbp-01681_TouchAndSee_Turing_samp45__2012-09-25.pkl,900,0.0,,,,,50,300,150,,,False,touchandsee_compact_block_summary,session_plus_preview_trials,,0.0,0.0,6.0,18.0,,True,False,True,True,True,False,False,0.6666666666666666
touchandsee,Turing_samp46_2012-09-26,Turing,2012-09-26,object_task,Neo pickle legacy,unspecified TouchAndSee recording groups,TouchAndSee\Turing\samp46\hbp-01681_TouchAndSee_Turing_samp46__2012-09-26.pkl,336,0.0,,,,,48,288,144,,,False,touchandsee_compact_block_summary,session_plus_preview_trials,,0.0,0.0,6.0,7.0,,True,False,True,True,True,False,False,0.6666666666666666
