dataset_short_name,session_id,subject_id,unit_id,brain_region,behavioral_context,n_spikes,firing_rate_hz,recording_duration_s,cell_type,quality_label,is_preview_record,source_level
openfield_ca1,24101_2018-03-22,24101,1_1,CA1,open_field,412,0.09139307897071872,4508.0,,mclust_sorted,False,mclust_spikes_per_unit
openfield_ca1,24101_2018-03-22,24101,1_2,CA1,open_field,6597,1.4633984028393967,4508.0,,mclust_sorted,False,mclust_spikes_per_unit
openfield_ca1,24101_2018-03-24,24101,10_1,CA1,open_field,756,0.3199322894625476,2363.0,,mclust_sorted,False,mclust_spikes_per_unit
openfield_ca1,24101_2018-03-24,24101,10_2,CA1,open_field,1769,0.7486246297079983,2363.0,,mclust_sorted,False,mclust_spikes_per_unit
openfield_ca1,24101_2018-03-24,24101,10_3,CA1,open_field,282,0.11933982225983919,2363.0,,mclust_sorted,False,mclust_spikes_per_unit
openfield_ca1,24101_2018-03-24,24101,10_4,CA1,open_field,1013,0.4286923402454507,2363.0,,mclust_sorted,False,mclust_spikes_per_unit
openfield_ca1,24101_2018-03-24,24101,10_5,CA1,open_field,13423,5.68049090139653,2363.0,,mclust_sorted,False,mclust_spikes_per_unit
openfield_ca1,24101_2018-03-24,24101,10_6,CA1,open_field,858,0.3630977570884469,2363.0,,mclust_sorted,False,mclust_spikes_per_unit
openfield_ca1,24101_2018-03-24,24101,1_1,CA1,open_field,321,0.1358442657638595,2363.0,,mclust_sorted,False,mclust_spikes_per_unit
openfield_ca1,24101_2018-03-24,24101,3_1,CA1,open_field,5050,2.137113838341092,2363.0,,mclust_sorted,False,mclust_spikes_per_unit
openfield_ca1,24101_2018-03-24,24101,6_1,CA1,open_field,1049,0.44392721117223866,2363.0,,mclust_sorted,False,mclust_spikes_per_unit
openfield_ca1,24101_2018-03-24,24101,7_1,CA1,open_field,1168,0.4942869234024545,2363.0,,mclust_sorted,False,mclust_spikes_per_unit
openfield_ca1,24101_2018-03-24,24101,7_2,CA1,open_field,19456,8.23360135421075,2363.0,,mclust_sorted,False,mclust_spikes_per_unit
openfield_ca1,24101_2018-03-24,24101,9_1,CA1,open_field,11032,4.668641557342362,2363.0,,mclust_sorted,False,mclust_spikes_per_unit
openfield_ca1,24101_2018-03-26,24101,10_3,CA1,open_field,1,0.00031036623215394165,3222.0,,mclust_sorted,False,mclust_spikes_per_unit
openfield_ca1,24101_2018-03-26,24101,10_4,CA1,open_field,598,0.1855990068280571,3222.0,,mclust_sorted,False,mclust_spikes_per_unit
openfield_ca1,24101_2018-03-26,24101,10_5,CA1,open_field,4723,1.4658597144630665,3222.0,,mclust_sorted,False,mclust_spikes_per_unit
openfield_ca1,24101_2018-03-26,24101,10_6,CA1,open_field,79,0.02451893234016139,3222.0,,mclust_sorted,False,mclust_spikes_per_unit
openfield_ca1,24101_2018-03-26,24101,10_7,CA1,open_field,78,0.024208566108007448,3222.0,,mclust_sorted,False,mclust_spikes_per_unit
openfield_ca1,24101_2018-03-26,24101,10_8,CA1,open_field,590,0.18311607697082558,3222.0,,mclust_sorted,False,mclust_spikes_per_unit
openfield_ca1,24101_2018-03-26,24101,10_9,CA1,open_field,1846,0.5729360645561763,3222.0,,mclust_sorted,False,mclust_spikes_per_unit
openfield_ca1,24101_2018-03-26,24101,10_10,CA1,open_field,119,0.03693358162631906,3222.0,,mclust_sorted,False,mclust_spikes_per_unit
openfield_ca1,24101_2018-03-26,24101,10_11,CA1,open_field,2364,0.7337057728119181,3222.0,,mclust_sorted,False,mclust_spikes_per_unit
openfield_ca1,24101_2018-03-26,24101,11_1,CA1,open_field,273,0.08472998137802606,3222.0,,mclust_sorted,False,mclust_spikes_per_unit
openfield_ca1,24101_2018-03-26,24101,11_2,CA1,open_field,342,0.10614525139664804,3222.0,,mclust_sorted,False,mclust_spikes_per_unit
openfield_ca1,24101_2018-03-26,24101,11_3,CA1,open_field,273,0.08472998137802606,3222.0,,mclust_sorted,False,mclust_spikes_per_unit
openfield_ca1,24101_2018-03-26,24101,11_4,CA1,open_field,1720,0.5338299193047796,3222.0,,mclust_sorted,False,mclust_spikes_per_unit
openfield_ca1,24101_2018-03-26,24101,11_5,CA1,open_field,495,0.15363128491620112,3222.0,,mclust_sorted,False,mclust_spikes_per_unit
openfield_ca1,24101_2018-03-26,24101,11_6,CA1,open_field,571,0.1772191185599007,3222.0,,mclust_sorted,False,mclust_spikes_per_unit
openfield_ca1,24101_2018-03-26,24101,11_7,CA1,open_field,2646,0.8212290502793296,3222.0,,mclust_sorted,False,mclust_spikes_per_unit
openfield_ca1,24101_2018-03-26,24101,11_8,CA1,open_field,732,0.2271880819366853,3222.0,,mclust_sorted,False,mclust_spikes_per_unit
openfield_ca1,24101_2018-03-26,24101,11_9,CA1,open_field,259,0.08038485412787089,3222.0,,mclust_sorted,False,mclust_spikes_per_unit
openfield_ca1,24101_2018-03-26,24101,11_10,CA1,open_field,186,0.05772811918063315,3222.0,,mclust_sorted,False,mclust_spikes_per_unit
openfield_ca1,24101_2018-03-26,24101,11_11,CA1,open_field,5923,1.8382991930477963,3222.0,,mclust_sorted,False,mclust_spikes_per_unit
openfield_ca1,24101_2018-03-26,24101,1_1,CA1,open_field,5501,1.707324643078833,3222.0,,mclust_sorted,False,mclust_spikes_per_unit
openfield_ca1,24101_2018-03-26,24101,3_1,CA1,open_field,4376,1.3581626319056486,3222.0,,mclust_sorted,False,mclust_spikes_per_unit
openfield_ca1,24101_2018-03-26,24101,3_2,CA1,open_field,6465,2.0065176908752327,3222.0,,mclust_sorted,False,mclust_spikes_per_unit
openfield_ca1,24101_2018-03-26,24101,3_3,CA1,open_field,4579,1.4211669770328987,3222.0,,mclust_sorted,False,mclust_spikes_per_unit
openfield_ca1,24101_2018-03-27,24101,11_2,CA1,open_field,383,0.07192488262910798,5325.0,,mclust_sorted,False,mclust_spikes_per_unit
openfield_ca1,24101_2018-03-27,24101,11_3,CA1,open_field,316,0.059342723004694835,5325.0,,mclust_sorted,False,mclust_spikes_per_unit
openfield_ca1,24101_2018-03-27,24101,11_4,CA1,open_field,2008,0.37708920187793427,5325.0,,mclust_sorted,False,mclust_spikes_per_unit
openfield_ca1,24101_2018-03-27,24101,11_5,CA1,open_field,2,0.0003755868544600939,5325.0,,mclust_sorted,False,mclust_spikes_per_unit
openfield_ca1,24101_2018-03-27,24101,11_6,CA1,open_field,802,0.15061032863849766,5325.0,,mclust_sorted,False,mclust_spikes_per_unit
openfield_ca1,24101_2018-03-27,24101,11_7,CA1,open_field,74,0.013896713615023475,5325.0,,mclust_sorted,False,mclust_spikes_per_unit
openfield_ca1,24101_2018-03-27,24101,11_8,CA1,open_field,1386,0.26028169014084507,5325.0,,mclust_sorted,False,mclust_spikes_per_unit
openfield_ca1,24101_2018-03-27,24101,11_9,CA1,open_field,52,0.009765258215962441,5325.0,,mclust_sorted,False,mclust_spikes_per_unit
openfield_ca1,24101_2018-03-27,24101,11_11,CA1,open_field,516,0.09690140845070423,5325.0,,mclust_sorted,False,mclust_spikes_per_unit
openfield_ca1,24101_2018-03-27,24101,11_12,CA1,open_field,79,0.014835680751173709,5325.0,,mclust_sorted,False,mclust_spikes_per_unit
openfield_ca1,24101_2018-03-27,24101,11_13,CA1,open_field,283,0.05314553990610329,5325.0,,mclust_sorted,False,mclust_spikes_per_unit
openfield_ca1,24101_2018-03-27,24101,11_14,CA1,open_field,1132,0.21258215962441315,5325.0,,mclust_sorted,False,mclust_spikes_per_unit
openfield_ca1,24101_2018-03-27,24101,11_15,CA1,open_field,15995,3.003755868544601,5325.0,,mclust_sorted,False,mclust_spikes_per_unit
openfield_ca1,24101_2018-03-27,24101,11_16,CA1,open_field,275,0.051643192488262914,5325.0,,mclust_sorted,False,mclust_spikes_per_unit
openfield_ca1,24101_2018-03-27,24101,11_17,CA1,open_field,129,0.024225352112676058,5325.0,,mclust_sorted,False,mclust_spikes_per_unit
openfield_ca1,24101_2018-03-27,24101,8_1,CA1,open_field,3000,0.5633802816901409,5325.0,,mclust_sorted,False,mclust_spikes_per_unit
openfield_ca1,24101_2018-03-27,24101,8_2,CA1,open_field,2908,0.5461032863849765,5325.0,,mclust_sorted,False,mclust_spikes_per_unit
openfield_ca1,24101_2018-03-27,24101,8_3,CA1,open_field,1588,0.29821596244131454,5325.0,,mclust_sorted,False,mclust_spikes_per_unit
openfield_ca1,24101_2018-04-03,24101,11_1,CA1,open_field,134,0.023847659725929882,5619.0,,mclust_sorted,False,mclust_spikes_per_unit
openfield_ca1,24101_2018-04-03,24101,11_2,CA1,open_field,604,0.10749243637657946,5619.0,,mclust_sorted,False,mclust_spikes_per_unit
openfield_ca1,24101_2018-04-03,24101,11_3,CA1,open_field,1200,0.21356113187399894,5619.0,,mclust_sorted,False,mclust_spikes_per_unit
openfield_ca1,24101_2018-04-03,24101,11_4,CA1,open_field,22878,4.0715429791777895,5619.0,,mclust_sorted,False,mclust_spikes_per_unit
openfield_ca1,24101_2018-04-03,24101,11_5,CA1,open_field,1953,0.3475707421249333,5619.0,,mclust_sorted,False,mclust_spikes_per_unit
openfield_ca1,24101_2018-04-03,24101,11_6,CA1,open_field,909,0.16177255739455418,5619.0,,mclust_sorted,False,mclust_spikes_per_unit
openfield_ca1,24101_2018-04-03,24101,1_1,CA1,open_field,561,0.0998398291510945,5619.0,,mclust_sorted,False,mclust_spikes_per_unit
openfield_ca1,24101_2018-04-03,24101,1_2,CA1,open_field,192,0.03416978109983983,5619.0,,mclust_sorted,False,mclust_spikes_per_unit
openfield_ca1,24101_2018-04-03,24101,1_3,CA1,open_field,908,0.16159458978465918,5619.0,,mclust_sorted,False,mclust_spikes_per_unit
openfield_ca1,24101_2018-04-03,24101,1_4,CA1,open_field,599,0.10660259832710446,5619.0,,mclust_sorted,False,mclust_spikes_per_unit
openfield_ca1,24101_2018-04-03,24101,1_5,CA1,open_field,913,0.1624844278341342,5619.0,,mclust_sorted,False,mclust_spikes_per_unit
openfield_ca1,24101_2018-04-03,24101,1_6,CA1,open_field,84,0.014949279231179925,5619.0,,mclust_sorted,False,mclust_spikes_per_unit
openfield_ca1,24101_2018-04-03,24101,1_7,CA1,open_field,203,0.03612742480868482,5619.0,,mclust_sorted,False,mclust_spikes_per_unit
openfield_ca1,24101_2018-04-03,24101,1_8,CA1,open_field,685,0.12190781277807439,5619.0,,mclust_sorted,False,mclust_spikes_per_unit
openfield_ca1,24101_2018-04-03,24101,1_9,CA1,open_field,414,0.07367859049652963,5619.0,,mclust_sorted,False,mclust_spikes_per_unit
openfield_ca1,24101_2018-04-03,24101,1_10,CA1,open_field,1116,0.198611852642819,5619.0,,mclust_sorted,False,mclust_spikes_per_unit
openfield_ca1,24101_2018-04-03,24101,1_11,CA1,open_field,2272,0.404342409681438,5619.0,,mclust_sorted,False,mclust_spikes_per_unit
openfield_ca1,24101_2018-04-03,24101,4_1,CA1,open_field,2146,0.3819184908346681,5619.0,,mclust_sorted,False,mclust_spikes_per_unit
openfield_ca1,24101_2018-04-03,24101,4_2,CA1,open_field,1458,0.2594767752269087,5619.0,,mclust_sorted,False,mclust_spikes_per_unit
openfield_ca1,24101_2018-04-03,24101,4_3,CA1,open_field,2597,0.4621818828973127,5619.0,,mclust_sorted,False,mclust_spikes_per_unit
openfield_ca1,24101_2018-04-04,24101,11_2,CA1,open_field,201,0.11086596800882516,1813.0,,mclust_sorted,False,mclust_spikes_per_unit
openfield_ca1,24101_2018-04-04,24101,11_3,CA1,open_field,671,0.37010479867622725,1813.0,,mclust_sorted,False,mclust_spikes_per_unit
openfield_ca1,24101_2018-04-04,24101,11_4,CA1,open_field,658,0.36293436293436293,1813.0,,mclust_sorted,False,mclust_spikes_per_unit
openfield_ca1,24101_2018-04-04,24101,11_5,CA1,open_field,2980,1.643684500827358,1813.0,,mclust_sorted,False,mclust_spikes_per_unit
openfield_ca1,24101_2018-04-04,24101,11_6,CA1,open_field,1035,0.5708769994484281,1813.0,,mclust_sorted,False,mclust_spikes_per_unit
openfield_ca1,24101_2018-04-04,24101,11_7,CA1,open_field,3132,1.727523441809156,1813.0,,mclust_sorted,False,mclust_spikes_per_unit
openfield_ca1,24101_2018-04-04,24101,11_8,CA1,open_field,21930,12.095973524544954,1813.0,,mclust_sorted,False,mclust_spikes_per_unit
openfield_ca1,24101_2018-04-04,24101,11_9,CA1,open_field,978,0.5394373965802537,1813.0,,mclust_sorted,False,mclust_spikes_per_unit
openfield_ca1,24101_2018-04-04,24101,11_10,CA1,open_field,2052,1.1318257032542747,1813.0,,mclust_sorted,False,mclust_spikes_per_unit
openfield_ca1,24101_2018-04-04,24101,1_1,CA1,open_field,1072,0.5912851627137341,1813.0,,mclust_sorted,False,mclust_spikes_per_unit
openfield_ca1,24101_2018-04-04,24101,1_2,CA1,open_field,403,0.2222835079977937,1813.0,,mclust_sorted,False,mclust_spikes_per_unit
openfield_ca1,24101_2018-04-04,24101,1_3,CA1,open_field,934,0.5151682294539437,1813.0,,mclust_sorted,False,mclust_spikes_per_unit
openfield_ca1,24101_2018-04-04,24101,1_4,CA1,open_field,529,0.2917815774958632,1813.0,,mclust_sorted,False,mclust_spikes_per_unit
openfield_ca1,24101_2018-04-04,24101,1_6,CA1,open_field,169,0.09321566464423607,1813.0,,mclust_sorted,False,mclust_spikes_per_unit
openfield_ca1,24101_2018-04-04,24101,1_8,CA1,open_field,505,0.2785438499724214,1813.0,,mclust_sorted,False,mclust_spikes_per_unit
openfield_ca1,24101_2018-04-04,24101,1_9,CA1,open_field,526,0.290126861555433,1813.0,,mclust_sorted,False,mclust_spikes_per_unit
openfield_ca1,24101_2018-04-04,24101,1_10,CA1,open_field,508,0.28019856591285164,1813.0,,mclust_sorted,False,mclust_spikes_per_unit
openfield_ca1,24101_2018-04-04,24101,1_11,CA1,open_field,1261,0.6955322669608384,1813.0,,mclust_sorted,False,mclust_spikes_per_unit
openfield_ca1,24101_2018-04-04,24101,1_12,CA1,open_field,582,0.3210148924434639,1813.0,,mclust_sorted,False,mclust_spikes_per_unit
openfield_ca1,24101_2018-04-04,24101,1_13,CA1,open_field,99,0.05460562603419746,1813.0,,mclust_sorted,False,mclust_spikes_per_unit
openfield_ca1,24101_2018-04-04,24101,1_14,CA1,open_field,843,0.46497517926089355,1813.0,,mclust_sorted,False,mclust_spikes_per_unit
openfield_ca1,24101_2018-04-04,24101,1_15,CA1,open_field,714,0.3938223938223938,1813.0,,mclust_sorted,False,mclust_spikes_per_unit
openfield_ca1,24101_2018-04-05,24101,11_2,CA1,open_field,251,0.0952561669829222,2635.0,,mclust_sorted,False,mclust_spikes_per_unit
openfield_ca1,24101_2018-04-05,24101,11_3,CA1,open_field,187,0.07096774193548387,2635.0,,mclust_sorted,False,mclust_spikes_per_unit
openfield_ca1,24101_2018-04-05,24101,11_4,CA1,open_field,57,0.021631878557874764,2635.0,,mclust_sorted,False,mclust_spikes_per_unit
openfield_ca1,24101_2018-04-05,24101,11_5,CA1,open_field,3626,1.3760910815939278,2635.0,,mclust_sorted,False,mclust_spikes_per_unit
openfield_ca1,24101_2018-04-05,24101,11_6,CA1,open_field,347,0.1316888045540797,2635.0,,mclust_sorted,False,mclust_spikes_per_unit
openfield_ca1,24101_2018-04-05,24101,11_7,CA1,open_field,869,0.32979127134724856,2635.0,,mclust_sorted,False,mclust_spikes_per_unit
openfield_ca1,24101_2018-04-05,24101,11_8,CA1,open_field,14730,5.590132827324478,2635.0,,mclust_sorted,False,mclust_spikes_per_unit
openfield_ca1,24101_2018-04-05,24101,11_9,CA1,open_field,524,0.19886148007590132,2635.0,,mclust_sorted,False,mclust_spikes_per_unit
openfield_ca1,24101_2018-04-05,24101,11_10,CA1,open_field,1159,0.4398481973434535,2635.0,,mclust_sorted,False,mclust_spikes_per_unit
openfield_ca1,24101_2018-04-05,24101,11_11,CA1,open_field,1967,0.7464895635673624,2635.0,,mclust_sorted,False,mclust_spikes_per_unit
openfield_ca1,24101_2018-04-05,24101,1_3,CA1,open_field,23,0.00872865275142315,2635.0,,mclust_sorted,False,mclust_spikes_per_unit
openfield_ca1,24101_2018-04-05,24101,1_4,CA1,open_field,38,0.014421252371916509,2635.0,,mclust_sorted,False,mclust_spikes_per_unit
openfield_ca1,24101_2018-04-05,24101,1_6,CA1,open_field,4,0.0015180265654648956,2635.0,,mclust_sorted,False,mclust_spikes_per_unit
openfield_ca1,24101_2018-04-05,24101,1_8,CA1,open_field,656,0.2489563567362429,2635.0,,mclust_sorted,False,mclust_spikes_per_unit
openfield_ca1,24101_2018-04-05,24101,1_9,CA1,open_field,47,0.017836812144212524,2635.0,,mclust_sorted,False,mclust_spikes_per_unit
openfield_ca1,24101_2018-04-05,24101,1_10,CA1,open_field,13,0.004933586337760911,2635.0,,mclust_sorted,False,mclust_spikes_per_unit
openfield_ca1,24101_2018-04-05,24101,1_11,CA1,open_field,2492,0.9457305502846299,2635.0,,mclust_sorted,False,mclust_spikes_per_unit
openfield_ca1,24101_2018-04-05,24101,1_12,CA1,open_field,2,0.0007590132827324478,2635.0,,mclust_sorted,False,mclust_spikes_per_unit
openfield_ca1,24101_2018-04-05,24101,1_14,CA1,open_field,209,0.0793168880455408,2635.0,,mclust_sorted,False,mclust_spikes_per_unit
openfield_ca1,24101_2018-04-05,24101,1_15,CA1,open_field,44,0.01669829222011385,2635.0,,mclust_sorted,False,mclust_spikes_per_unit
openfield_ca1,24101_2018-04-05,24101,1_16,CA1,open_field,577,0.21897533206831118,2635.0,,mclust_sorted,False,mclust_spikes_per_unit
openfield_ca1,24101_2018-04-05,24101,1_17,CA1,open_field,1244,0.47210626185958254,2635.0,,mclust_sorted,False,mclust_spikes_per_unit
openfield_ca1,24101_2018-04-05,24101,1_18,CA1,open_field,9800,3.7191650853889944,2635.0,,mclust_sorted,False,mclust_spikes_per_unit
openfield_ca1,24101_2018-04-05,24101,1_19,CA1,open_field,1552,0.5889943074003795,2635.0,,mclust_sorted,False,mclust_spikes_per_unit
openfield_ca1,24101_2018-04-05,24101,1_20,CA1,open_field,399,0.15142314990512334,2635.0,,mclust_sorted,False,mclust_spikes_per_unit
openfield_ca1,24101_2018-04-06,24101,10_1,CA1,open_field,161,0.022237569060773482,7240.0,,mclust_sorted,False,mclust_spikes_per_unit
openfield_ca1,24101_2018-04-06,24101,1_1,CA1,open_field,1,0.00013812154696132598,7240.0,,mclust_sorted,False,mclust_spikes_per_unit
openfield_ca1,24101_2018-04-06,24101,1_3,CA1,open_field,80,0.011049723756906077,7240.0,,mclust_sorted,False,mclust_spikes_per_unit
openfield_ca1,24101_2018-04-06,24101,1_4,CA1,open_field,8,0.0011049723756906078,7240.0,,mclust_sorted,False,mclust_spikes_per_unit
openfield_ca1,24101_2018-04-06,24101,1_8,CA1,open_field,1317,0.1819060773480663,7240.0,,mclust_sorted,False,mclust_spikes_per_unit
openfield_ca1,24101_2018-04-06,24101,1_9,CA1,open_field,22,0.0030386740331491712,7240.0,,mclust_sorted,False,mclust_spikes_per_unit
openfield_ca1,24101_2018-04-06,24101,1_10,CA1,open_field,73,0.010082872928176796,7240.0,,mclust_sorted,False,mclust_spikes_per_unit
openfield_ca1,24101_2018-04-06,24101,1_11,CA1,open_field,798,0.11022099447513813,7240.0,,mclust_sorted,False,mclust_spikes_per_unit
openfield_ca1,24101_2018-04-06,24101,1_14,CA1,open_field,17,0.0023480662983425414,7240.0,,mclust_sorted,False,mclust_spikes_per_unit
openfield_ca1,24101_2018-04-06,24101,1_15,CA1,open_field,21,0.0029005524861878454,7240.0,,mclust_sorted,False,mclust_spikes_per_unit
openfield_ca1,24101_2018-04-06,24101,1_16,CA1,open_field,379,0.052348066298342544,7240.0,,mclust_sorted,False,mclust_spikes_per_unit
openfield_ca1,24101_2018-04-06,24101,1_17,CA1,open_field,701,0.09682320441988951,7240.0,,mclust_sorted,False,mclust_spikes_per_unit
openfield_ca1,24101_2018-04-06,24101,1_18,CA1,open_field,1278,0.17651933701657457,7240.0,,mclust_sorted,False,mclust_spikes_per_unit
openfield_ca1,24101_2018-04-06,24101,1_19,CA1,open_field,1739,0.24019337016574585,7240.0,,mclust_sorted,False,mclust_spikes_per_unit
openfield_ca1,24101_2018-04-06,24101,1_20,CA1,open_field,32,0.004419889502762431,7240.0,,mclust_sorted,False,mclust_spikes_per_unit
openfield_ca1,24101_2018-04-06,24101,1_21,CA1,open_field,770,0.106353591160221,7240.0,,mclust_sorted,False,mclust_spikes_per_unit
openfield_ca1,24101_2018-04-06,24101,8_1,CA1,open_field,365,0.05041436464088398,7240.0,,mclust_sorted,False,mclust_spikes_per_unit
openfield_ca1,24101_2018-04-06,24101,8_2,CA1,open_field,194,0.02679558011049724,7240.0,,mclust_sorted,False,mclust_spikes_per_unit
openfield_ca1,24101_2018-04-06,24101,8_3,CA1,open_field,476,0.06574585635359116,7240.0,,mclust_sorted,False,mclust_spikes_per_unit
openfield_ca1,24101_2018-04-06,24101,8_4,CA1,open_field,761,0.10511049723756906,7240.0,,mclust_sorted,False,mclust_spikes_per_unit
openfield_ca1,24101_2018-04-06,24101,8_5,CA1,open_field,284,0.039226519337016576,7240.0,,mclust_sorted,False,mclust_spikes_per_unit
openfield_ca1,24101_2018-04-06,24101,8_6,CA1,open_field,264,0.036464088397790057,7240.0,,mclust_sorted,False,mclust_spikes_per_unit
openfield_ca1,24101_2018-04-06,24101,8_7,CA1,open_field,134,0.018508287292817678,7240.0,,mclust_sorted,False,mclust_spikes_per_unit
openfield_ca1,24101_2018-04-06,24101,8_8,CA1,open_field,170,0.023480662983425413,7240.0,,mclust_sorted,False,mclust_spikes_per_unit
openfield_ca1,24101_2018-04-06,24101,8_9,CA1,open_field,1064,0.14696132596685083,7240.0,,mclust_sorted,False,mclust_spikes_per_unit
openfield_ca1,24101_2018-04-06,24101,8_10,CA1,open_field,781,0.10787292817679558,7240.0,,mclust_sorted,False,mclust_spikes_per_unit
openfield_ca1,24101_2018-04-06,24101,8_11,CA1,open_field,1576,0.2176795580110497,7240.0,,mclust_sorted,False,mclust_spikes_per_unit
openfield_ca1,24101_2018-04-06,24101,8_12,CA1,open_field,2385,0.3294198895027624,7240.0,,mclust_sorted,False,mclust_spikes_per_unit
openfield_ca1,24101_2018-04-06,24101,8_13,CA1,open_field,2982,0.41187845303867404,7240.0,,mclust_sorted,False,mclust_spikes_per_unit
openfield_ca1,24101_2018-04-11,24101,11_1,CA1,open_field,260,0.17639077340569878,1474.0,,mclust_sorted,False,mclust_spikes_per_unit
openfield_ca1,24101_2018-04-11,24101,11_2,CA1,open_field,518,0.3514246947082768,1474.0,,mclust_sorted,False,mclust_spikes_per_unit
openfield_ca1,24101_2018-04-11,24101,11_3,CA1,open_field,567,0.38466757123473544,1474.0,,mclust_sorted,False,mclust_spikes_per_unit
openfield_ca1,24101_2018-04-11,24101,11_4,CA1,open_field,480,0.3256445047489824,1474.0,,mclust_sorted,False,mclust_spikes_per_unit
openfield_ca1,24101_2018-04-11,24101,11_5,CA1,open_field,1141,0.7740841248303935,1474.0,,mclust_sorted,False,mclust_spikes_per_unit
openfield_ca1,24101_2018-04-11,24101,11_6,CA1,open_field,1263,0.8568521031207599,1474.0,,mclust_sorted,False,mclust_spikes_per_unit
openfield_ca1,24101_2018-04-11,24101,11_7,CA1,open_field,2962,2.009497964721845,1474.0,,mclust_sorted,False,mclust_spikes_per_unit
openfield_ca1,24101_2018-04-11,24101,11_8,CA1,open_field,386,0.2618724559023066,1474.0,,mclust_sorted,False,mclust_spikes_per_unit
openfield_ca1,24101_2018-04-11,24101,11_9,CA1,open_field,251,0.17028493894165536,1474.0,,mclust_sorted,False,mclust_spikes_per_unit
openfield_ca1,24101_2018-04-11,24101,11_10,CA1,open_field,15606,10.587516960651289,1474.0,,mclust_sorted,False,mclust_spikes_per_unit
openfield_ca1,24101_2018-04-11,24101,11_11,CA1,open_field,2175,1.4755766621438262,1474.0,,mclust_sorted,False,mclust_spikes_per_unit
openfield_ca1,24101_2018-04-11,24101,11_12,CA1,open_field,10510,7.130257801899593,1474.0,,mclust_sorted,False,mclust_spikes_per_unit
openfield_ca1,24101_2018-04-11,24101,1_3,CA1,open_field,1,0.0006784260515603799,1474.0,,mclust_sorted,False,mclust_spikes_per_unit
openfield_ca1,24101_2018-04-11,24101,1_8,CA1,open_field,896,0.6078697421981004,1474.0,,mclust_sorted,False,mclust_spikes_per_unit
openfield_ca1,24101_2018-04-11,24101,1_9,CA1,open_field,22,0.014925373134328358,1474.0,,mclust_sorted,False,mclust_spikes_per_unit
openfield_ca1,24101_2018-04-11,24101,1_14,CA1,open_field,67,0.045454545454545456,1474.0,,mclust_sorted,False,mclust_spikes_per_unit
openfield_ca1,24101_2018-04-11,24101,1_15,CA1,open_field,2,0.0013568521031207597,1474.0,,mclust_sorted,False,mclust_spikes_per_unit
openfield_ca1,24101_2018-04-11,24101,1_16,CA1,open_field,1151,0.7808683853459973,1474.0,,mclust_sorted,False,mclust_spikes_per_unit
openfield_ca1,24101_2018-04-11,24101,1_18,CA1,open_field,3,0.0020352781546811396,1474.0,,mclust_sorted,False,mclust_spikes_per_unit
openfield_ca1,24101_2018-04-11,24101,1_19,CA1,open_field,638,0.43283582089552236,1474.0,,mclust_sorted,False,mclust_spikes_per_unit
openfield_ca1,24101_2018-04-11,24101,1_22,CA1,open_field,2151,1.4592944369063772,1474.0,,mclust_sorted,False,mclust_spikes_per_unit
openfield_ca1,24101_2018-04-11,24101,1_23,CA1,open_field,2911,1.974898236092266,1474.0,,mclust_sorted,False,mclust_spikes_per_unit
openfield_ca1,24101_2018-04-11,24101,1_24,CA1,open_field,1499,1.0169606512890095,1474.0,,mclust_sorted,False,mclust_spikes_per_unit
openfield_ca1,24101_2018-04-11,24101,7_1,CA1,open_field,2462,1.6702849389416554,1474.0,,mclust_sorted,False,mclust_spikes_per_unit
openfield_ca1,24101_2018-04-11,24101,7_2,CA1,open_field,8838,5.995929443690637,1474.0,,mclust_sorted,False,mclust_spikes_per_unit
openfield_ca1,24101_2018-04-11,24101,8_1,CA1,open_field,5,0.0033921302578018998,1474.0,,mclust_sorted,False,mclust_spikes_per_unit
openfield_ca1,24101_2018-04-11,24101,8_2,CA1,open_field,71,0.04816824966078698,1474.0,,mclust_sorted,False,mclust_spikes_per_unit
openfield_ca1,24101_2018-04-11,24101,8_3,CA1,open_field,23,0.015603799185888738,1474.0,,mclust_sorted,False,mclust_spikes_per_unit
openfield_ca1,24101_2018-04-11,24101,8_4,CA1,open_field,38,0.025780189959294438,1474.0,,mclust_sorted,False,mclust_spikes_per_unit
openfield_ca1,24101_2018-04-11,24101,8_5,CA1,open_field,33,0.022388059701492536,1474.0,,mclust_sorted,False,mclust_spikes_per_unit
openfield_ca1,24101_2018-04-11,24101,8_6,CA1,open_field,619,0.41994572591587515,1474.0,,mclust_sorted,False,mclust_spikes_per_unit
openfield_ca1,24101_2018-04-11,24101,8_7,CA1,open_field,59,0.04002713704206241,1474.0,,mclust_sorted,False,mclust_spikes_per_unit
openfield_ca1,24101_2018-04-11,24101,8_8,CA1,open_field,266,0.18046132971506107,1474.0,,mclust_sorted,False,mclust_spikes_per_unit
openfield_ca1,24101_2018-04-11,24101,8_9,CA1,open_field,488,0.3310719131614654,1474.0,,mclust_sorted,False,mclust_spikes_per_unit
openfield_ca1,24101_2018-04-11,24101,8_10,CA1,open_field,1902,1.2903663500678426,1474.0,,mclust_sorted,False,mclust_spikes_per_unit
openfield_ca1,24101_2018-04-11,24101,8_11,CA1,open_field,2298,1.559023066485753,1474.0,,mclust_sorted,False,mclust_spikes_per_unit
openfield_ca1,24101_2018-04-11,24101,8_12,CA1,open_field,1,0.0006784260515603799,1474.0,,mclust_sorted,False,mclust_spikes_per_unit
openfield_ca1,24101_2018-04-11,24101,8_13,CA1,open_field,78,0.052917232021709636,1474.0,,mclust_sorted,False,mclust_spikes_per_unit
openfield_ca1,24101_2018-04-11,24101,8_14,CA1,open_field,361,0.24491180461329715,1474.0,,mclust_sorted,False,mclust_spikes_per_unit
openfield_ca1,24101_2018-04-11,24101,8_15,CA1,open_field,259,0.1757123473541384,1474.0,,mclust_sorted,False,mclust_spikes_per_unit
openfield_ca1,24101_2018-04-11,24101,8_16,CA1,open_field,244,0.1655359565807327,1474.0,,mclust_sorted,False,mclust_spikes_per_unit
openfield_ca1,24101_2018-04-11,24101,8_17,CA1,open_field,124,0.08412483039348712,1474.0,,mclust_sorted,False,mclust_spikes_per_unit
openfield_ca1,24101_2018-04-11,24101,8_18,CA1,open_field,148,0.10040705563093623,1474.0,,mclust_sorted,False,mclust_spikes_per_unit
openfield_ca1,24101_2018-04-11,24101,8_19,CA1,open_field,1806,1.2252374491180462,1474.0,,mclust_sorted,False,mclust_spikes_per_unit
openfield_ca1,24101_2018-04-11,24101,8_20,CA1,open_field,2304,1.5630936227951153,1474.0,,mclust_sorted,False,mclust_spikes_per_unit
openfield_ca1,24101_2018-04-11,24101,8_21,CA1,open_field,1161,0.7876526458616011,1474.0,,mclust_sorted,False,mclust_spikes_per_unit
openfield_ca1,24101_2018-04-11,24101,8_22,CA1,open_field,685,0.46472184531886024,1474.0,,mclust_sorted,False,mclust_spikes_per_unit
openfield_ca1,24101_2018-04-11,24101,8_23,CA1,open_field,374,0.2537313432835821,1474.0,,mclust_sorted,False,mclust_spikes_per_unit
openfield_ca1,24101_2018-04-11,24101,8_24,CA1,open_field,1266,0.858887381275441,1474.0,,mclust_sorted,False,mclust_spikes_per_unit
openfield_ca1,24101_2018-04-13,24101,11_3,CA1,open_field,159,0.03606259922885008,4409.0,,mclust_sorted,False,mclust_spikes_per_unit
openfield_ca1,24101_2018-04-13,24101,11_4,CA1,open_field,1182,0.2680880018144704,4409.0,,mclust_sorted,False,mclust_spikes_per_unit
openfield_ca1,24101_2018-04-13,24101,11_5,CA1,open_field,2712,0.6151054660920844,4409.0,,mclust_sorted,False,mclust_spikes_per_unit
openfield_ca1,24101_2018-04-13,24101,11_6,CA1,open_field,1067,0.242004989793604,4409.0,,mclust_sorted,False,mclust_spikes_per_unit
openfield_ca1,24101_2018-04-13,24101,11_7,CA1,open_field,79,0.017917895214334317,4409.0,,mclust_sorted,False,mclust_spikes_per_unit
openfield_ca1,24101_2018-04-13,24101,11_8,CA1,open_field,283,0.06418689045134951,4409.0,,mclust_sorted,False,mclust_spikes_per_unit
openfield_ca1,24101_2018-04-13,24101,11_9,CA1,open_field,132,0.02993876162395101,4409.0,,mclust_sorted,False,mclust_spikes_per_unit
openfield_ca1,24101_2018-04-13,24101,11_10,CA1,open_field,13554,3.0741664776593334,4409.0,,mclust_sorted,False,mclust_spikes_per_unit
openfield_ca1,24101_2018-04-13,24101,11_11,CA1,open_field,94,0.02132002721705602,4409.0,,mclust_sorted,False,mclust_spikes_per_unit
openfield_ca1,24101_2018-04-13,24101,11_12,CA1,open_field,649,0.14719891131775914,4409.0,,mclust_sorted,False,mclust_spikes_per_unit
openfield_ca1,24101_2018-04-13,24101,11_13,CA1,open_field,1,0.00022680880018144704,4409.0,,mclust_sorted,False,mclust_spikes_per_unit
openfield_ca1,24101_2018-04-13,24101,11_14,CA1,open_field,30,0.006804264005443411,4409.0,,mclust_sorted,False,mclust_spikes_per_unit
openfield_ca1,24101_2018-04-13,24101,11_15,CA1,open_field,2161,0.4901338171921071,4409.0,,mclust_sorted,False,mclust_spikes_per_unit
openfield_ca1,24101_2018-04-13,24101,11_16,CA1,open_field,495,0.11227035608981628,4409.0,,mclust_sorted,False,mclust_spikes_per_unit
openfield_ca1,24101_2018-04-13,24101,11_17,CA1,open_field,66,0.014969380811975505,4409.0,,mclust_sorted,False,mclust_spikes_per_unit
openfield_ca1,24101_2018-04-13,24101,11_18,CA1,open_field,902,0.20458153776366522,4409.0,,mclust_sorted,False,mclust_spikes_per_unit
openfield_ca1,24101_2018-04-13,24101,11_19,CA1,open_field,272,0.06169199364935359,4409.0,,mclust_sorted,False,mclust_spikes_per_unit
openfield_ca1,24101_2018-04-13,24101,1_3,CA1,open_field,2,0.0004536176003628941,4409.0,,mclust_sorted,False,mclust_spikes_per_unit
openfield_ca1,24101_2018-04-13,24101,1_8,CA1,open_field,846,0.1918802449535042,4409.0,,mclust_sorted,False,mclust_spikes_per_unit
openfield_ca1,24101_2018-04-13,24101,1_9,CA1,open_field,84,0.01905193921524155,4409.0,,mclust_sorted,False,mclust_spikes_per_unit
openfield_ca1,24101_2018-04-13,24101,1_19,CA1,open_field,338,0.0766613744613291,4409.0,,mclust_sorted,False,mclust_spikes_per_unit
openfield_ca1,24101_2018-04-13,24101,1_23,CA1,open_field,2,0.0004536176003628941,4409.0,,mclust_sorted,False,mclust_spikes_per_unit
openfield_ca1,24101_2018-04-13,24101,1_24,CA1,open_field,294,0.06668178725334543,4409.0,,mclust_sorted,False,mclust_spikes_per_unit
openfield_ca1,24101_2018-04-13,24101,1_25,CA1,open_field,563,0.1276933545021547,4409.0,,mclust_sorted,False,mclust_spikes_per_unit
openfield_ca1,24101_2018-04-13,24101,1_26,CA1,open_field,410,0.09299160807439329,4409.0,,mclust_sorted,False,mclust_spikes_per_unit
openfield_ca1,24101_2018-04-13,24101,1_27,CA1,open_field,705,0.15990020412792016,4409.0,,mclust_sorted,False,mclust_spikes_per_unit
openfield_ca1,24101_2018-04-13,24101,1_28,CA1,open_field,2093,0.4747108187797687,4409.0,,mclust_sorted,False,mclust_spikes_per_unit
openfield_ca1,24101_2018-04-13,24101,1_29,CA1,open_field,2604,0.5906101156724881,4409.0,,mclust_sorted,False,mclust_spikes_per_unit
openfield_ca1,24101_2018-04-13,24101,7_1,CA1,open_field,94,0.02132002721705602,4409.0,,mclust_sorted,False,mclust_spikes_per_unit
openfield_ca1,24101_2018-04-13,24101,7_2,CA1,open_field,30,0.006804264005443411,4409.0,,mclust_sorted,False,mclust_spikes_per_unit
openfield_ca1,24101_2018-04-13,24101,7_3,CA1,open_field,6698,1.5191653436153323,4409.0,,mclust_sorted,False,mclust_spikes_per_unit
openfield_ca1,24101_2018-04-13,24101,8_1,CA1,open_field,42,0.009525969607620775,4409.0,,mclust_sorted,False,mclust_spikes_per_unit
openfield_ca1,24101_2018-04-13,24101,8_2,CA1,open_field,2,0.0004536176003628941,4409.0,,mclust_sorted,False,mclust_spikes_per_unit
openfield_ca1,24101_2018-04-13,24101,8_3,CA1,open_field,41,0.009299160807439328,4409.0,,mclust_sorted,False,mclust_spikes_per_unit
openfield_ca1,24101_2018-04-13,24101,8_4,CA1,open_field,72,0.016330233613064186,4409.0,,mclust_sorted,False,mclust_spikes_per_unit
openfield_ca1,24101_2018-04-13,24101,8_5,CA1,open_field,161,0.03651621682921297,4409.0,,mclust_sorted,False,mclust_spikes_per_unit
openfield_ca1,24101_2018-04-13,24101,8_6,CA1,open_field,580,0.1315491041052393,4409.0,,mclust_sorted,False,mclust_spikes_per_unit
openfield_ca1,24101_2018-04-13,24101,8_7,CA1,open_field,157,0.035608981628487184,4409.0,,mclust_sorted,False,mclust_spikes_per_unit
openfield_ca1,24101_2018-04-13,24101,8_8,CA1,open_field,180,0.04082558403266047,4409.0,,mclust_sorted,False,mclust_spikes_per_unit
openfield_ca1,24101_2018-04-13,24101,8_9,CA1,open_field,273,0.06191880244953504,4409.0,,mclust_sorted,False,mclust_spikes_per_unit
openfield_ca1,24101_2018-04-13,24101,8_10,CA1,open_field,115,0.02608301202086641,4409.0,,mclust_sorted,False,mclust_spikes_per_unit
openfield_ca1,24101_2018-04-13,24101,8_11,CA1,open_field,1899,0.43070991154456795,4409.0,,mclust_sorted,False,mclust_spikes_per_unit
openfield_ca1,24101_2018-04-13,24101,8_13,CA1,open_field,11,0.0024948968019959175,4409.0,,mclust_sorted,False,mclust_spikes_per_unit
openfield_ca1,24101_2018-04-13,24101,8_14,CA1,open_field,543,0.12315717849852574,4409.0,,mclust_sorted,False,mclust_spikes_per_unit
openfield_ca1,24101_2018-04-13,24101,8_15,CA1,open_field,451,0.10229076888183261,4409.0,,mclust_sorted,False,mclust_spikes_per_unit
openfield_ca1,24101_2018-04-13,24101,8_16,CA1,open_field,203,0.04604218643683375,4409.0,,mclust_sorted,False,mclust_spikes_per_unit
openfield_ca1,24101_2018-04-13,24101,8_17,CA1,open_field,9,0.0020412792016330232,4409.0,,mclust_sorted,False,mclust_spikes_per_unit
openfield_ca1,24101_2018-04-13,24101,8_18,CA1,open_field,586,0.13290995690632795,4409.0,,mclust_sorted,False,mclust_spikes_per_unit
openfield_ca1,24101_2018-04-13,24101,8_19,CA1,open_field,2932,0.6650034021320027,4409.0,,mclust_sorted,False,mclust_spikes_per_unit
openfield_ca1,24101_2018-04-13,24101,8_20,CA1,open_field,13,0.0029485144023588114,4409.0,,mclust_sorted,False,mclust_spikes_per_unit
openfield_ca1,24101_2018-04-13,24101,8_21,CA1,open_field,153,0.034701746427761394,4409.0,,mclust_sorted,False,mclust_spikes_per_unit
openfield_ca1,24101_2018-04-13,24101,8_22,CA1,open_field,1644,0.3728736674982989,4409.0,,mclust_sorted,False,mclust_spikes_per_unit
openfield_ca1,24101_2018-04-13,24101,8_23,CA1,open_field,59,0.013381719210705375,4409.0,,mclust_sorted,False,mclust_spikes_per_unit
openfield_ca1,24101_2018-04-13,24101,8_24,CA1,open_field,5878,1.3331821274665456,4409.0,,mclust_sorted,False,mclust_spikes_per_unit
openfield_ca1,24101_2018-04-13,24101,8_25,CA1,open_field,257,0.05828986164663189,4409.0,,mclust_sorted,False,mclust_spikes_per_unit
openfield_ca1,24101_2018-04-13,24101,8_26,CA1,open_field,1107,0.2510773418008619,4409.0,,mclust_sorted,False,mclust_spikes_per_unit
openfield_ca1,24101_2018-04-13,24101,8_27,CA1,open_field,630,0.14288954411431162,4409.0,,mclust_sorted,False,mclust_spikes_per_unit
openfield_ca1,24101_2018-04-13,24101,8_28,CA1,open_field,801,0.18167384894533908,4409.0,,mclust_sorted,False,mclust_spikes_per_unit
openfield_ca1,24101_2018-04-13,24101,8_29,CA1,open_field,407,0.09231118167384894,4409.0,,mclust_sorted,False,mclust_spikes_per_unit
openfield_ca1,24101_2018-04-17,24101,8_1,CA1,open_field,6,0.0026327336551118913,2279.0,,mclust_sorted,False,mclust_spikes_per_unit
openfield_ca1,24101_2018-04-17,24101,8_3,CA1,open_field,87,0.03817463799912242,2279.0,,mclust_sorted,False,mclust_spikes_per_unit
openfield_ca1,24101_2018-04-17,24101,8_4,CA1,open_field,4,0.0017551557700745941,2279.0,,mclust_sorted,False,mclust_spikes_per_unit
openfield_ca1,24101_2018-04-17,24101,8_5,CA1,open_field,15,0.006581834137779728,2279.0,,mclust_sorted,False,mclust_spikes_per_unit
openfield_ca1,24101_2018-04-17,24101,8_6,CA1,open_field,25,0.010969723562966213,2279.0,,mclust_sorted,False,mclust_spikes_per_unit
openfield_ca1,24101_2018-04-17,24101,8_7,CA1,open_field,27,0.01184730144800351,2279.0,,mclust_sorted,False,mclust_spikes_per_unit
openfield_ca1,24101_2018-04-17,24101,8_8,CA1,open_field,47,0.020623080298376482,2279.0,,mclust_sorted,False,mclust_spikes_per_unit
openfield_ca1,24101_2018-04-17,24101,8_9,CA1,open_field,801,0.3514699429574375,2279.0,,mclust_sorted,False,mclust_spikes_per_unit
openfield_ca1,24101_2018-04-17,24101,8_10,CA1,open_field,143,0.06274681878016675,2279.0,,mclust_sorted,False,mclust_spikes_per_unit
openfield_ca1,24101_2018-04-17,24101,8_11,CA1,open_field,185,0.08117595436594997,2279.0,,mclust_sorted,False,mclust_spikes_per_unit
openfield_ca1,24101_2018-04-17,24101,8_13,CA1,open_field,19,0.008336989907854322,2279.0,,mclust_sorted,False,mclust_spikes_per_unit
openfield_ca1,24101_2018-04-17,24101,8_14,CA1,open_field,448,0.19657744624835455,2279.0,,mclust_sorted,False,mclust_spikes_per_unit
openfield_ca1,24101_2018-04-17,24101,8_17,CA1,open_field,9,0.003949100482667837,2279.0,,mclust_sorted,False,mclust_spikes_per_unit
openfield_ca1,24101_2018-04-17,24101,8_18,CA1,open_field,173,0.0759104870557262,2279.0,,mclust_sorted,False,mclust_spikes_per_unit
openfield_ca1,24101_2018-04-17,24101,8_19,CA1,open_field,559,0.24528301886792453,2279.0,,mclust_sorted,False,mclust_spikes_per_unit
openfield_ca1,24101_2018-04-17,24101,8_20,CA1,open_field,91,0.03992979376919702,2279.0,,mclust_sorted,False,mclust_spikes_per_unit
openfield_ca1,24101_2018-04-17,24101,8_21,CA1,open_field,1345,0.5901711276875823,2279.0,,mclust_sorted,False,mclust_spikes_per_unit
openfield_ca1,24101_2018-04-17,24101,8_22,CA1,open_field,25,0.010969723562966213,2279.0,,mclust_sorted,False,mclust_spikes_per_unit
openfield_ca1,24101_2018-04-17,24101,8_23,CA1,open_field,798,0.3501535761298815,2279.0,,mclust_sorted,False,mclust_spikes_per_unit
openfield_ca1,24101_2018-04-17,24101,8_24,CA1,open_field,5,0.002193944712593243,2279.0,,mclust_sorted,False,mclust_spikes_per_unit
openfield_ca1,24101_2018-04-17,24101,8_25,CA1,open_field,13,0.005704256252742431,2279.0,,mclust_sorted,False,mclust_spikes_per_unit
openfield_ca1,24101_2018-04-17,24101,8_26,CA1,open_field,236,0.10355419043440105,2279.0,,mclust_sorted,False,mclust_spikes_per_unit
openfield_ca1,24101_2018-04-17,24101,8_27,CA1,open_field,89,0.03905221588415972,2279.0,,mclust_sorted,False,mclust_spikes_per_unit
openfield_ca1,24101_2018-04-17,24101,8_28,CA1,open_field,7,0.00307152259763054,2279.0,,mclust_sorted,False,mclust_spikes_per_unit
openfield_ca1,24101_2018-04-17,24101,8_29,CA1,open_field,83,0.036419482229047825,2279.0,,mclust_sorted,False,mclust_spikes_per_unit
openfield_ca1,24101_2018-04-17,24101,8_30,CA1,open_field,105,0.046072838964458095,2279.0,,mclust_sorted,False,mclust_spikes_per_unit
openfield_ca1,24101_2018-04-17,24101,8_31,CA1,open_field,3833,1.6818780166739797,2279.0,,mclust_sorted,False,mclust_spikes_per_unit
openfield_ca1,24101_2018-04-17,24101,8_32,CA1,open_field,2210,0.9697235629662132,2279.0,,mclust_sorted,False,mclust_spikes_per_unit
openfield_ca1,24101_2018-04-17,24101,8_33,CA1,open_field,1996,0.8758227292672225,2279.0,,mclust_sorted,False,mclust_spikes_per_unit
openfield_ca1,24101_2018-04-17,24101,8_34,CA1,open_field,862,0.37823606845107505,2279.0,,mclust_sorted,False,mclust_spikes_per_unit
openfield_ca1,24101_2018-04-17,24101,8_35,CA1,open_field,871,0.3821851689337429,2279.0,,mclust_sorted,False,mclust_spikes_per_unit
openfield_ca1,24101_2018-04-17,24101,8_36,CA1,open_field,4388,1.9254058797718296,2279.0,,mclust_sorted,False,mclust_spikes_per_unit
openfield_ca1,24101_2018-04-17,24101,8_37,CA1,open_field,181,0.07942079859587538,2279.0,,mclust_sorted,False,mclust_spikes_per_unit
openfield_ca1,24101_2018-04-17,24101,8_38,CA1,open_field,1910,0.8380868802106187,2279.0,,mclust_sorted,False,mclust_spikes_per_unit
openfield_ca1,24101_2018-04-18,24101,1804201801_1,CA1,open_field,545,0.2674190382728165,2038.0,,mclust_sorted,False,mclust_spikes_per_unit
openfield_ca1,24101_2018-04-18,24101,1804201801_2,CA1,open_field,176,0.08635917566241413,2038.0,,mclust_sorted,False,mclust_spikes_per_unit
openfield_ca1,24101_2018-04-18,24101,1804201801_3,CA1,open_field,455,0.22325809617271836,2038.0,,mclust_sorted,False,mclust_spikes_per_unit
openfield_ca1,24101_2018-04-18,24101,1804201801_4,CA1,open_field,477,0.2340529931305201,2038.0,,mclust_sorted,False,mclust_spikes_per_unit
openfield_ca1,24101_2018-04-18,24101,1804201801_5,CA1,open_field,946,0.46418056918547596,2038.0,,mclust_sorted,False,mclust_spikes_per_unit
openfield_ca1,24101_2018-04-18,24101,1804201801_6,CA1,open_field,2067,1.0142296368989205,2038.0,,mclust_sorted,False,mclust_spikes_per_unit
openfield_ca1,24101_2018-04-18,24101,1804201801_7,CA1,open_field,2836,1.391560353287537,2038.0,,mclust_sorted,False,mclust_spikes_per_unit
openfield_ca1,24101_2018-04-18,24101,1804201801_8,CA1,open_field,13400,6.575073601570167,2038.0,,mclust_sorted,False,mclust_spikes_per_unit
openfield_ca1,24101_2018-04-18,24101,1804201801_9,CA1,open_field,2823,1.385181550539745,2038.0,,mclust_sorted,False,mclust_spikes_per_unit
openfield_ca1,24101_2018-04-18,24101,1804201801_10,CA1,open_field,560,0.2747791952894995,2038.0,,mclust_sorted,False,mclust_spikes_per_unit
openfield_ca1,24101_2018-04-18,24101,1804201801_11,CA1,open_field,1628,0.7988223748773308,2038.0,,mclust_sorted,False,mclust_spikes_per_unit
openfield_ca1,24101_2018-04-23,24101,8_1,CA1,open_field,323,0.06447105788423153,5010.0,,mclust_sorted,False,mclust_spikes_per_unit
openfield_ca1,24101_2018-04-23,24101,8_2,CA1,open_field,259,0.051696606786427145,5010.0,,mclust_sorted,False,mclust_spikes_per_unit
openfield_ca1,24101_2018-04-23,24101,8_3,CA1,open_field,572,0.11417165668662675,5010.0,,mclust_sorted,False,mclust_spikes_per_unit
openfield_ca1,24101_2018-04-23,24101,8_4,CA1,open_field,2,0.0003992015968063872,5010.0,,mclust_sorted,False,mclust_spikes_per_unit
openfield_ca1,24101_2018-04-23,24101,8_5,CA1,open_field,1510,0.3013972055888224,5010.0,,mclust_sorted,False,mclust_spikes_per_unit
openfield_ca1,24101_2018-04-23,24101,8_6,CA1,open_field,1887,0.37664670658682636,5010.0,,mclust_sorted,False,mclust_spikes_per_unit
openfield_ca1,24101_2018-04-23,24101,8_7,CA1,open_field,1679,0.33512974051896205,5010.0,,mclust_sorted,False,mclust_spikes_per_unit
openfield_ca1,24101_2018-04-23,24101,8_8,CA1,open_field,5241,1.0461077844311377,5010.0,,mclust_sorted,False,mclust_spikes_per_unit
openfield_ca1,24101_2018-04-23,24101,8_9,CA1,open_field,2336,0.4662674650698603,5010.0,,mclust_sorted,False,mclust_spikes_per_unit
openfield_ca1,24101_2018-04-23,24101,8_10,CA1,open_field,74,0.014770459081836327,5010.0,,mclust_sorted,False,mclust_spikes_per_unit
openfield_ca1,24101_2018-04-23,24101,8_11,CA1,open_field,1632,0.325748502994012,5010.0,,mclust_sorted,False,mclust_spikes_per_unit
openfield_ca1,24101_2018-04-23,24101,8_12,CA1,open_field,339,0.06766467065868263,5010.0,,mclust_sorted,False,mclust_spikes_per_unit
openfield_ca1,24101_2018-04-23,24101,8_13,CA1,open_field,200,0.03992015968063872,5010.0,,mclust_sorted,False,mclust_spikes_per_unit
openfield_ca1,24101_2018-04-23,24101,8_14,CA1,open_field,159,0.03173652694610778,5010.0,,mclust_sorted,False,mclust_spikes_per_unit
openfield_ca1,24101_2018-04-23,24101,8_15,CA1,open_field,187,0.037325349301397207,5010.0,,mclust_sorted,False,mclust_spikes_per_unit
openfield_ca1,24101_2018-04-23,24101,8_16,CA1,open_field,82,0.016367265469061875,5010.0,,mclust_sorted,False,mclust_spikes_per_unit
openfield_ca1,24101_2018-04-24,24101,8_1,CA1,open_field,6,0.002324680356450988,2581.0,,mclust_sorted,False,mclust_spikes_per_unit
openfield_ca1,24101_2018-04-24,24101,8_2,CA1,open_field,422,0.1635025184037195,2581.0,,mclust_sorted,False,mclust_spikes_per_unit
openfield_ca1,24101_2018-04-24,24101,8_3,CA1,open_field,782,0.3029833397907788,2581.0,,mclust_sorted,False,mclust_spikes_per_unit
openfield_ca1,24101_2018-04-24,24101,8_4,CA1,open_field,1,0.0003874467260751647,2581.0,,mclust_sorted,False,mclust_spikes_per_unit
openfield_ca1,24101_2018-04-24,24101,8_5,CA1,open_field,1091,0.42270437814800466,2581.0,,mclust_sorted,False,mclust_spikes_per_unit
openfield_ca1,24101_2018-04-24,24101,8_6,CA1,open_field,1835,0.7109647423479272,2581.0,,mclust_sorted,False,mclust_spikes_per_unit
openfield_ca1,24101_2018-04-24,24101,8_7,CA1,open_field,1530,0.5927934908950019,2581.0,,mclust_sorted,False,mclust_spikes_per_unit
openfield_ca1,24101_2018-04-24,24101,8_8,CA1,open_field,4204,1.6288260364199922,2581.0,,mclust_sorted,False,mclust_spikes_per_unit
openfield_ca1,24101_2018-04-24,24101,8_9,CA1,open_field,2812,1.089500193723363,2581.0,,mclust_sorted,False,mclust_spikes_per_unit
openfield_ca1,24101_2018-04-24,24101,8_10,CA1,open_field,40,0.015497869043006587,2581.0,,mclust_sorted,False,mclust_spikes_per_unit
openfield_ca1,24101_2018-04-24,24101,8_11,CA1,open_field,2652,1.0275087175513367,2581.0,,mclust_sorted,False,mclust_spikes_per_unit
openfield_ca1,24101_2018-04-24,24101,8_12,CA1,open_field,302,0.11700891127469973,2581.0,,mclust_sorted,False,mclust_spikes_per_unit
openfield_ca1,24101_2018-04-24,24101,8_13,CA1,open_field,20,0.0077489345215032935,2581.0,,mclust_sorted,False,mclust_spikes_per_unit
openfield_ca1,24101_2018-04-24,24101,8_14,CA1,open_field,78,0.030220844633862844,2581.0,,mclust_sorted,False,mclust_spikes_per_unit
openfield_ca1,24101_2018-04-24,24101,8_15,CA1,open_field,76,0.029445951181712515,2581.0,,mclust_sorted,False,mclust_spikes_per_unit
openfield_ca1,24101_2018-04-24,24101,8_16,CA1,open_field,379,0.14684230918248742,2581.0,,mclust_sorted,False,mclust_spikes_per_unit
openfield_ca1,24101_2018-04-24,24101,8_17,CA1,open_field,539,0.20883378535451375,2581.0,,mclust_sorted,False,mclust_spikes_per_unit
openfield_ca1,24101_2018-04-24,24101,8_18,CA1,open_field,831,0.3219682293684618,2581.0,,mclust_sorted,False,mclust_spikes_per_unit
openfield_ca1,24101_2018-04-24,24101,8_19,CA1,open_field,1451,0.562185199535064,2581.0,,mclust_sorted,False,mclust_spikes_per_unit
openfield_ca1,24101_2018-04-24,24101,8_20,CA1,open_field,2397,0.9287098024021697,2581.0,,mclust_sorted,False,mclust_spikes_per_unit
openfield_ca1,24101_2018-04-25,24101,7_1,CA1,open_field,149,0.05125558995528036,2907.0,,mclust_sorted,False,mclust_spikes_per_unit
openfield_ca1,24101_2018-04-25,24101,7_2,CA1,open_field,3060,1.0526315789473684,2907.0,,mclust_sorted,False,mclust_spikes_per_unit
openfield_ca1,24101_2018-04-25,24101,7_3,CA1,open_field,1128,0.38802889576883387,2907.0,,mclust_sorted,False,mclust_spikes_per_unit
openfield_ca1,24101_2018-04-25,24101,8_2,CA1,open_field,119213,41.00894392844857,2907.0,,mclust_sorted,False,mclust_spikes_per_unit
openfield_ca1,24101_2018-04-25,24101,8_3,CA1,open_field,856,0.29446164430684557,2907.0,,mclust_sorted,False,mclust_spikes_per_unit
openfield_ca1,24101_2018-04-25,24101,8_4,CA1,open_field,4,0.0013759889920880633,2907.0,,mclust_sorted,False,mclust_spikes_per_unit
openfield_ca1,24101_2018-04-25,24101,8_5,CA1,open_field,618,0.21259029927760578,2907.0,,mclust_sorted,False,mclust_spikes_per_unit
openfield_ca1,24101_2018-04-25,24101,8_6,CA1,open_field,545,0.18747850017199863,2907.0,,mclust_sorted,False,mclust_spikes_per_unit
openfield_ca1,24101_2018-04-25,24101,8_7,CA1,open_field,873,0.30030959752321984,2907.0,,mclust_sorted,False,mclust_spikes_per_unit
openfield_ca1,24101_2018-04-25,24101,8_8,CA1,open_field,225,0.07739938080495357,2907.0,,mclust_sorted,False,mclust_spikes_per_unit
openfield_ca1,24101_2018-04-25,24101,8_9,CA1,open_field,85,0.029239766081871343,2907.0,,mclust_sorted,False,mclust_spikes_per_unit
openfield_ca1,24101_2018-04-25,24101,8_10,CA1,open_field,55,0.01891984864121087,2907.0,,mclust_sorted,False,mclust_spikes_per_unit
openfield_ca1,24101_2018-04-25,24101,8_11,CA1,open_field,1194,0.4107327141382869,2907.0,,mclust_sorted,False,mclust_spikes_per_unit
openfield_ca1,24101_2018-04-25,24101,8_12,CA1,open_field,20,0.0068799449604403165,2907.0,,mclust_sorted,False,mclust_spikes_per_unit
openfield_ca1,24101_2018-04-25,24101,8_13,CA1,open_field,45,0.015479876160990712,2907.0,,mclust_sorted,False,mclust_spikes_per_unit
openfield_ca1,24101_2018-04-25,24101,8_14,CA1,open_field,4,0.0013759889920880633,2907.0,,mclust_sorted,False,mclust_spikes_per_unit
openfield_ca1,24101_2018-04-25,24101,8_15,CA1,open_field,23,0.007911936704506364,2907.0,,mclust_sorted,False,mclust_spikes_per_unit
openfield_ca1,24101_2018-04-25,24101,8_16,CA1,open_field,224,0.07705538355693155,2907.0,,mclust_sorted,False,mclust_spikes_per_unit
openfield_ca1,24101_2018-04-25,24101,8_17,CA1,open_field,383,0.13175094599243206,2907.0,,mclust_sorted,False,mclust_spikes_per_unit
openfield_ca1,24101_2018-04-25,24101,8_18,CA1,open_field,616,0.21190230478156175,2907.0,,mclust_sorted,False,mclust_spikes_per_unit
openfield_ca1,24101_2018-04-25,24101,8_19,CA1,open_field,2396,0.8242174062607499,2907.0,,mclust_sorted,False,mclust_spikes_per_unit
openfield_ca1,24101_2018-04-25,24101,8_20,CA1,open_field,1734,0.5964912280701754,2907.0,,mclust_sorted,False,mclust_spikes_per_unit
openfield_ca1,24101_2018-04-25,24101,8_21,CA1,open_field,915,0.31475748194014447,2907.0,,mclust_sorted,False,mclust_spikes_per_unit
openfield_ca1,24101_2018-04-30,24101,8_1,CA1,open_field,588,0.29022704837117475,2026.0,,mclust_sorted,False,mclust_spikes_per_unit
openfield_ca1,24101_2018-04-30,24101,8_2,CA1,open_field,537,0.2650542941757157,2026.0,,mclust_sorted,False,mclust_spikes_per_unit
openfield_ca1,24101_2018-04-30,24101,8_3,CA1,open_field,911,0.44965449160908194,2026.0,,mclust_sorted,False,mclust_spikes_per_unit
openfield_ca1,24101_2018-04-30,24101,8_4,CA1,open_field,137,0.06762092793682133,2026.0,,mclust_sorted,False,mclust_spikes_per_unit
openfield_ca1,24101_2018-04-30,24101,8_5,CA1,open_field,79,0.03899308983218164,2026.0,,mclust_sorted,False,mclust_spikes_per_unit
openfield_ca1,24101_2018-04-30,24101,8_6,CA1,open_field,1804,0.8904244817374136,2026.0,,mclust_sorted,False,mclust_spikes_per_unit
openfield_ca1,24101_2018-04-30,24101,8_7,CA1,open_field,524,0.25863770977295164,2026.0,,mclust_sorted,False,mclust_spikes_per_unit
openfield_ca1,24101_2018-04-30,24101,8_8,CA1,open_field,325,0.16041461006910168,2026.0,,mclust_sorted,False,mclust_spikes_per_unit
openfield_ca1,24101_2018-04-30,24101,8_9,CA1,open_field,8423,4.157453109575518,2026.0,,mclust_sorted,False,mclust_spikes_per_unit
openfield_ca1,24101_2018-05-02,24101,8_1,CA1,open_field,177,0.027369723210143807,6467.0,,mclust_sorted,False,mclust_spikes_per_unit
openfield_ca1,24101_2018-05-02,24101,8_2,CA1,open_field,592,0.09154167310963353,6467.0,,mclust_sorted,False,mclust_spikes_per_unit
openfield_ca1,24101_2018-05-02,24101,8_3,CA1,open_field,672,0.10391216947580022,6467.0,,mclust_sorted,False,mclust_spikes_per_unit
openfield_ca1,24101_2018-05-02,24101,8_4,CA1,open_field,1620,0.25050255141487554,6467.0,,mclust_sorted,False,mclust_spikes_per_unit
openfield_ca1,24101_2018-05-02,24101,8_5,CA1,open_field,2837,0.43868872738518633,6467.0,,mclust_sorted,False,mclust_spikes_per_unit
openfield_ca1,24101_2018-05-02,24101,8_6,CA1,open_field,9669,1.4951291170558219,6467.0,,mclust_sorted,False,mclust_spikes_per_unit
openfield_ca1,24101_2018-05-03,24101,3_1,CA1,open_field,625,0.08151819486109299,7667.0,,mclust_sorted,False,mclust_spikes_per_unit
openfield_ca1,24101_2018-05-03,24101,3_2,CA1,open_field,494,0.06443198121820791,7667.0,,mclust_sorted,False,mclust_spikes_per_unit
openfield_ca1,24101_2018-05-03,24101,3_3,CA1,open_field,961,0.12534237641841658,7667.0,,mclust_sorted,False,mclust_spikes_per_unit
openfield_ca1,24101_2018-05-03,24101,3_4,CA1,open_field,500,0.0652145558888744,7667.0,,mclust_sorted,False,mclust_spikes_per_unit
openfield_ca1,24101_2018-05-03,24101,3_5,CA1,open_field,9088,1.185339767836181,7667.0,,mclust_sorted,False,mclust_spikes_per_unit
openfield_ca1,24101_2018-05-03,24101,8_2,CA1,open_field,5,0.000652145558888744,7667.0,,mclust_sorted,False,mclust_spikes_per_unit
openfield_ca1,24101_2018-05-03,24101,8_3,CA1,open_field,1223,0.15951480370418678,7667.0,,mclust_sorted,False,mclust_spikes_per_unit
openfield_ca1,24101_2018-05-03,24101,8_4,CA1,open_field,46,0.005999739141776444,7667.0,,mclust_sorted,False,mclust_spikes_per_unit
openfield_ca1,24101_2018-05-03,24101,8_5,CA1,open_field,1198,0.15625407590974305,7667.0,,mclust_sorted,False,mclust_spikes_per_unit
openfield_ca1,24101_2018-05-03,24101,8_6,CA1,open_field,11027,1.438241815573236,7667.0,,mclust_sorted,False,mclust_spikes_per_unit
openfield_ca1,24101_2018-05-03,24101,8_7,CA1,open_field,1,0.00013042911177774878,7667.0,,mclust_sorted,False,mclust_spikes_per_unit
openfield_ca1,24101_2018-05-03,24101,8_8,CA1,open_field,1,0.00013042911177774878,7667.0,,mclust_sorted,False,mclust_spikes_per_unit
openfield_ca1,24101_2018-05-03,24101,8_9,CA1,open_field,125,0.0163036389722186,7667.0,,mclust_sorted,False,mclust_spikes_per_unit
openfield_ca1,24101_2018-05-03,24101,8_10,CA1,open_field,803,0.10473457675753228,7667.0,,mclust_sorted,False,mclust_spikes_per_unit
openfield_ca1,24101_2018-05-03,24101,8_11,CA1,open_field,1913,0.24951089083083344,7667.0,,mclust_sorted,False,mclust_spikes_per_unit
openfield_ca1,24101_2018-05-04,24101,3_1,CA1,open_field,239,0.022222222222222223,10755.0,,mclust_sorted,False,mclust_spikes_per_unit
openfield_ca1,24101_2018-05-04,24101,3_2,CA1,open_field,1175,0.10925151092515109,10755.0,,mclust_sorted,False,mclust_spikes_per_unit
openfield_ca1,24101_2018-05-04,24101,3_3,CA1,open_field,26,0.002417480241748024,10755.0,,mclust_sorted,False,mclust_spikes_per_unit
openfield_ca1,24101_2018-05-04,24101,3_4,CA1,open_field,44,0.004091120409112041,10755.0,,mclust_sorted,False,mclust_spikes_per_unit
openfield_ca1,24101_2018-05-04,24101,3_5,CA1,open_field,34,0.0031613203161320316,10755.0,,mclust_sorted,False,mclust_spikes_per_unit
openfield_ca1,24101_2018-05-04,24101,3_6,CA1,open_field,179,0.016643421664342167,10755.0,,mclust_sorted,False,mclust_spikes_per_unit
openfield_ca1,24101_2018-05-04,24101,3_7,CA1,open_field,2010,0.18688981868898186,10755.0,,mclust_sorted,False,mclust_spikes_per_unit
openfield_ca1,24101_2018-05-04,24101,3_8,CA1,open_field,783,0.07280334728033473,10755.0,,mclust_sorted,False,mclust_spikes_per_unit
openfield_ca1,24101_2018-05-04,24101,8_3,CA1,open_field,1250,0.11622501162250116,10755.0,,mclust_sorted,False,mclust_spikes_per_unit
openfield_ca1,24101_2018-05-04,24101,8_4,CA1,open_field,2,0.00018596001859600187,10755.0,,mclust_sorted,False,mclust_spikes_per_unit
openfield_ca1,24101_2018-05-04,24101,8_5,CA1,open_field,1196,0.11120409112040912,10755.0,,mclust_sorted,False,mclust_spikes_per_unit
openfield_ca1,24101_2018-05-04,24101,8_10,CA1,open_field,41,0.003812180381218038,10755.0,,mclust_sorted,False,mclust_spikes_per_unit
openfield_ca1,24101_2018-05-04,24101,8_11,CA1,open_field,1140,0.10599721059972106,10755.0,,mclust_sorted,False,mclust_spikes_per_unit
openfield_ca1,24101_2018-05-04,24101,8_12,CA1,open_field,444,0.041283124128312414,10755.0,,mclust_sorted,False,mclust_spikes_per_unit
openfield_ca1,24101_2018-05-07,24101,3_2,CA1,open_field,1973,0.5061570035915854,3898.0,,mclust_sorted,False,mclust_spikes_per_unit
openfield_ca1,24101_2018-05-07,24101,3_4,CA1,open_field,3,0.0007696254489481786,3898.0,,mclust_sorted,False,mclust_spikes_per_unit
openfield_ca1,24101_2018-05-07,24101,3_5,CA1,open_field,127,0.03258081067213956,3898.0,,mclust_sorted,False,mclust_spikes_per_unit
openfield_ca1,24101_2018-05-07,24101,3_7,CA1,open_field,152,0.038994356080041044,3898.0,,mclust_sorted,False,mclust_spikes_per_unit
openfield_ca1,24101_2018-05-07,24101,3_9,CA1,open_field,524,0.1344279117496152,3898.0,,mclust_sorted,False,mclust_spikes_per_unit
openfield_ca1,24101_2018-05-07,24101,3_10,CA1,open_field,751,0.1926629040533607,3898.0,,mclust_sorted,False,mclust_spikes_per_unit
openfield_ca1,24101_2018-05-07,24101,3_11,CA1,open_field,561,0.1439199589533094,3898.0,,mclust_sorted,False,mclust_spikes_per_unit
openfield_ca1,24101_2018-05-07,24101,3_12,CA1,open_field,1180,0.30271934325295025,3898.0,,mclust_sorted,False,mclust_spikes_per_unit
openfield_ca1,24101_2018-05-08,24101,3_2,CA1,open_field,2129,1.1980866629150253,1777.0,,mclust_sorted,False,mclust_spikes_per_unit
openfield_ca1,24101_2018-05-08,24101,3_5,CA1,open_field,258,0.14518851997749016,1777.0,,mclust_sorted,False,mclust_spikes_per_unit
openfield_ca1,24101_2018-05-08,24101,3_7,CA1,open_field,267,0.1502532357906584,1777.0,,mclust_sorted,False,mclust_spikes_per_unit
openfield_ca1,24101_2018-05-08,24101,3_9,CA1,open_field,636,0.3579065841305571,1777.0,,mclust_sorted,False,mclust_spikes_per_unit
openfield_ca1,24101_2018-05-08,24101,3_10,CA1,open_field,467,0.26280247608328644,1777.0,,mclust_sorted,False,mclust_spikes_per_unit
openfield_ca1,24101_2018-05-08,24101,3_11,CA1,open_field,96,0.05402363534046145,1777.0,,mclust_sorted,False,mclust_spikes_per_unit
openfield_ca1,24101_2018-05-08,24101,3_12,CA1,open_field,1483,0.8345526167698368,1777.0,,mclust_sorted,False,mclust_spikes_per_unit
openfield_ca1,24101_2018-05-08,24101,3_13,CA1,open_field,107,0.06021384355655599,1777.0,,mclust_sorted,False,mclust_spikes_per_unit
openfield_ca1,24101_2018-05-08,24101,3_14,CA1,open_field,710,0.3995498030388295,1777.0,,mclust_sorted,False,mclust_spikes_per_unit
openfield_ca1,24101_2018-05-08,24101,3_15,CA1,open_field,507,0.28531232414181207,1777.0,,mclust_sorted,False,mclust_spikes_per_unit
openfield_ca1,24101_2018-05-08,24101,3_16,CA1,open_field,19935,11.218345526167699,1777.0,,mclust_sorted,False,mclust_spikes_per_unit
openfield_ca1,24101_2018-05-08,24101,3_17,CA1,open_field,140,0.07878446820483961,1777.0,,mclust_sorted,False,mclust_spikes_per_unit
openfield_ca1,24116_2018-04-03,24116,3_1,CA1,open_field,1576,1.3122398001665279,1201.0,,mclust_sorted,False,mclust_spikes_per_unit
openfield_ca1,24116_2018-04-03,24116,3_2,CA1,open_field,354,0.29475437135720234,1201.0,,mclust_sorted,False,mclust_spikes_per_unit
openfield_ca1,24116_2018-04-03,24116,3_3,CA1,open_field,2205,1.835970024979184,1201.0,,mclust_sorted,False,mclust_spikes_per_unit
openfield_ca1,24116_2018-04-03,24116,3_4,CA1,open_field,54,0.044962531223980015,1201.0,,mclust_sorted,False,mclust_spikes_per_unit
openfield_ca1,24116_2018-04-03,24116,3_5,CA1,open_field,2156,1.7951706910907577,1201.0,,mclust_sorted,False,mclust_spikes_per_unit
openfield_ca1,24116_2018-04-03,24116,3_6,CA1,open_field,571,0.47543713572023316,1201.0,,mclust_sorted,False,mclust_spikes_per_unit
openfield_ca1,24116_2018-04-03,24116,3_7,CA1,open_field,428,0.3563696919233972,1201.0,,mclust_sorted,False,mclust_spikes_per_unit
openfield_ca1,24116_2018-04-03,24116,3_8,CA1,open_field,886,0.7377185678601166,1201.0,,mclust_sorted,False,mclust_spikes_per_unit
openfield_ca1,24116_2018-04-05,24116,5_1,CA1,open_field,2115,1.7610324729392173,1201.0,,mclust_sorted,False,mclust_spikes_per_unit
openfield_ca1,24116_2018-04-05,24116,5_2,CA1,open_field,498,0.414654454621149,1201.0,,mclust_sorted,False,mclust_spikes_per_unit
openfield_ca1,24116_2018-04-05,24116,5_3,CA1,open_field,529,0.440466278101582,1201.0,,mclust_sorted,False,mclust_spikes_per_unit
openfield_ca1,24116_2018-04-05,24116,5_4,CA1,open_field,484,0.4029975020815987,1201.0,,mclust_sorted,False,mclust_spikes_per_unit
openfield_ca1,24116_2018-04-05,24116,5_5,CA1,open_field,191,0.15903413821815154,1201.0,,mclust_sorted,False,mclust_spikes_per_unit
openfield_ca1,24116_2018-04-05,24116,5_6,CA1,open_field,321,0.2672772689425479,1201.0,,mclust_sorted,False,mclust_spikes_per_unit
openfield_ca1,24116_2018-04-05,24116,5_7,CA1,open_field,68,0.05661948376353039,1201.0,,mclust_sorted,False,mclust_spikes_per_unit
openfield_ca1,24116_2018-04-06,24116,6_1,CA1,open_field,816,0.4533333333333333,1800.0,,mclust_sorted,False,mclust_spikes_per_unit
openfield_ca1,24116_2018-04-06,24116,6_2,CA1,open_field,1231,0.6838888888888889,1800.0,,mclust_sorted,False,mclust_spikes_per_unit
openfield_ca1,24116_2018-04-06,24116,6_3,CA1,open_field,7639,4.243888888888889,1800.0,,mclust_sorted,False,mclust_spikes_per_unit
openfield_ca1,24116_2018-04-06,24116,6_4,CA1,open_field,687,0.38166666666666665,1800.0,,mclust_sorted,False,mclust_spikes_per_unit
openfield_ca1,24116_2018-04-06,24116,6_5,CA1,open_field,202,0.11222222222222222,1800.0,,mclust_sorted,False,mclust_spikes_per_unit
openfield_ca1,24116_2018-04-06,24116,6_6,CA1,open_field,1174,0.6522222222222223,1800.0,,mclust_sorted,False,mclust_spikes_per_unit
openfield_ca1,24116_2018-04-06,24116,6_7,CA1,open_field,92,0.051111111111111114,1800.0,,mclust_sorted,False,mclust_spikes_per_unit
openfield_ca1,24116_2018-04-06,24116,6_8,CA1,open_field,4,0.0022222222222222222,1800.0,,mclust_sorted,False,mclust_spikes_per_unit
openfield_ca1,24116_2018-04-06,24116,6_9,CA1,open_field,116,0.06444444444444444,1800.0,,mclust_sorted,False,mclust_spikes_per_unit
openfield_ca1,24116_2018-04-06,24116,6_10,CA1,open_field,727,0.4038888888888889,1800.0,,mclust_sorted,False,mclust_spikes_per_unit
openfield_ca1,24116_2018-04-06,24116,6_11,CA1,open_field,182,0.10111111111111111,1800.0,,mclust_sorted,False,mclust_spikes_per_unit
openfield_ca1,25398_2019-05-03,25398,3_1,CA1,open_field,929,0.608781127129751,1526.0,,mclust_sorted,False,mclust_spikes_per_unit
openfield_ca1,25398_2019-05-03,25398,3_2,CA1,open_field,1524,0.9986893840104849,1526.0,,mclust_sorted,False,mclust_spikes_per_unit
openfield_ca1,25398_2019-05-03,25398,3_3,CA1,open_field,1383,0.9062909567496723,1526.0,,mclust_sorted,False,mclust_spikes_per_unit
openfield_ca1,25398_2019-05-03,25398,3_4,CA1,open_field,1481,0.9705111402359109,1526.0,,mclust_sorted,False,mclust_spikes_per_unit
openfield_ca1,25398_2019-05-03,25398,3_5,CA1,open_field,472,0.30930537352555704,1526.0,,mclust_sorted,False,mclust_spikes_per_unit
openfield_ca1,25398_2019-05-03,25398,3_6,CA1,open_field,2035,1.333551769331586,1526.0,,mclust_sorted,False,mclust_spikes_per_unit
openfield_ca1,25398_2019-05-16,25398,16_1,CA1,open_field,3299,1.9683770883054892,1676.0,,mclust_sorted,False,mclust_spikes_per_unit
openfield_ca1,25398_2019-05-16,25398,16_2,CA1,open_field,326,0.19451073985680192,1676.0,,mclust_sorted,False,mclust_spikes_per_unit
openfield_ca1,25398_2019-05-16,25398,16_3,CA1,open_field,507,0.30250596658711215,1676.0,,mclust_sorted,False,mclust_spikes_per_unit
openfield_ca1,25398_2019-05-16,25398,16_4,CA1,open_field,2269,1.35381861575179,1676.0,,mclust_sorted,False,mclust_spikes_per_unit
openfield_ca1,25398_2019-05-16,25398,16_5,CA1,open_field,518,0.30906921241050117,1676.0,,mclust_sorted,False,mclust_spikes_per_unit
openfield_ca1,25398_2019-05-16,25398,16_6,CA1,open_field,21,0.012529832935560859,1676.0,,mclust_sorted,False,mclust_spikes_per_unit
openfield_ca1,25398_2019-05-16,25398,16_7,CA1,open_field,2507,1.4958233890214798,1676.0,,mclust_sorted,False,mclust_spikes_per_unit
openfield_ca1,25398_2019-05-16,25398,16_8,CA1,open_field,3070,1.831742243436754,1676.0,,mclust_sorted,False,mclust_spikes_per_unit
openfield_ca1,25398_2019-05-16,25398,16_9,CA1,open_field,118,0.07040572792362769,1676.0,,mclust_sorted,False,mclust_spikes_per_unit
openfield_ca1,25398_2019-05-16,25398,16_10,CA1,open_field,808,0.4821002386634845,1676.0,,mclust_sorted,False,mclust_spikes_per_unit
openfield_ca1,25398_2019-05-16,25398,16_11,CA1,open_field,2363,1.4099045346062054,1676.0,,mclust_sorted,False,mclust_spikes_per_unit
openfield_ca1,25398_2019-05-16,25398,16_12,CA1,open_field,273,0.16288782816229117,1676.0,,mclust_sorted,False,mclust_spikes_per_unit
openfield_ca1,25398_2019-06-24,25398,24_1,CA1,open_field,2,0.001110494169905608,1801.0,,mclust_sorted,False,mclust_spikes_per_unit
openfield_ca1,25398_2019-06-24,25398,24_2,CA1,open_field,778,0.4319822320932815,1801.0,,mclust_sorted,False,mclust_spikes_per_unit
openfield_ca1,25398_2019-06-24,25398,24_3,CA1,open_field,2564,1.4236535258189895,1801.0,,mclust_sorted,False,mclust_spikes_per_unit
openfield_ca1,25398_2019-06-24,25398,24_4,CA1,open_field,871,0.4836202109938923,1801.0,,mclust_sorted,False,mclust_spikes_per_unit
openfield_ca1,25398_2019-06-24,25398,24_5,CA1,open_field,27141,15.069961132704053,1801.0,,mclust_sorted,False,mclust_spikes_per_unit
openfield_ca1,25398_2019-06-25,25398,25_1,CA1,open_field,1896,1.0527484730705163,1801.0,,mclust_sorted,False,mclust_spikes_per_unit
openfield_ca1,25398_2019-06-25,25398,25_2,CA1,open_field,1256,0.6973903387007219,1801.0,,mclust_sorted,False,mclust_spikes_per_unit
openfield_ca1,25398_2019-07-02,25398,2_1,CA1,open_field,4,0.002896451846488052,1381.0,,mclust_sorted,False,mclust_spikes_per_unit
openfield_ca1,25398_2019-07-02,25398,2_2,CA1,open_field,86,0.062273714699493124,1381.0,,mclust_sorted,False,mclust_spikes_per_unit
openfield_ca1,25398_2019-07-02,25398,2_3,CA1,open_field,519,0.3758146270818248,1381.0,,mclust_sorted,False,mclust_spikes_per_unit
openfield_ca1,25398_2019-07-02,25398,2_4,CA1,open_field,604,0.4373642288196959,1381.0,,mclust_sorted,False,mclust_spikes_per_unit
openfield_ca1,25398_2019-07-02,25398,2_5,CA1,open_field,12,0.008689355539464157,1381.0,,mclust_sorted,False,mclust_spikes_per_unit
openfield_ca1,25398_2019-07-02,25398,2_6,CA1,open_field,845,0.611875452570601,1381.0,,mclust_sorted,False,mclust_spikes_per_unit
openfield_ca1,25398_2019-07-03,25398,3_1,CA1,open_field,2757,1.5308162132148806,1801.0,,mclust_sorted,False,mclust_spikes_per_unit
openfield_ca1,25398_2019-07-03,25398,3_2,CA1,open_field,66,0.036646307606885066,1801.0,,mclust_sorted,False,mclust_spikes_per_unit
openfield_ca1,25398_2019-07-03,25398,3_3,CA1,open_field,970,0.5385896724042198,1801.0,,mclust_sorted,False,mclust_spikes_per_unit
openfield_ca1,25398_2019-07-03,25398,3_4,CA1,open_field,157,0.08717379233759023,1801.0,,mclust_sorted,False,mclust_spikes_per_unit
openfield_ca1,25398_2019-07-03,25398,3_5,CA1,open_field,1158,0.642976124375347,1801.0,,mclust_sorted,False,mclust_spikes_per_unit
openfield_ca1,25398_2019-07-03,25398,3_6,CA1,open_field,481,0.2670738478622987,1801.0,,mclust_sorted,False,mclust_spikes_per_unit
openfield_ca1,25398_2019-07-03,25398,3_7,CA1,open_field,1946,1.0805108273181565,1801.0,,mclust_sorted,False,mclust_spikes_per_unit
openfield_ca1,25398_2019-07-03,25398,3_8,CA1,open_field,7623,4.232648528595225,1801.0,,mclust_sorted,False,mclust_spikes_per_unit
openfield_ca1,25398_2019-07-03,25398,3_9,CA1,open_field,1622,0.9006107717934481,1801.0,,mclust_sorted,False,mclust_spikes_per_unit
openfield_ca1,25398_2019-07-04,25398,4_1,CA1,open_field,976,0.8313458262350937,1174.0,,mclust_sorted,False,mclust_spikes_per_unit
openfield_ca1,25398_2019-07-31,25398,31_1,CA1,open_field,1168,0.648528595224875,1801.0,,mclust_sorted,False,mclust_spikes_per_unit
openfield_ca1,25398_2019-07-31,25398,31_2,CA1,open_field,3209,1.781787895613548,1801.0,,mclust_sorted,False,mclust_spikes_per_unit
openfield_ca1,25398_2019-10-09,25398,9_1,CA1,open_field,107,0.05941143808995003,1801.0,,mclust_sorted,False,mclust_spikes_per_unit
openfield_ca1,25398_2019-10-09,25398,9_2,CA1,open_field,103,0.05719044975013881,1801.0,,mclust_sorted,False,mclust_spikes_per_unit
openfield_ca1,25398_2019-10-09,25398,9_3,CA1,open_field,225,0.1249305941143809,1801.0,,mclust_sorted,False,mclust_spikes_per_unit
openfield_ca1,25398_2019-10-09,25398,9_4,CA1,open_field,4660,2.5874514158800666,1801.0,,mclust_sorted,False,mclust_spikes_per_unit
openfield_ca1,25398_2019-10-09,25398,9_5,CA1,open_field,913,0.50694058856191,1801.0,,mclust_sorted,False,mclust_spikes_per_unit
openfield_ca1,25398_2019-10-09,25398,9_6,CA1,open_field,2835,1.5741254858411993,1801.0,,mclust_sorted,False,mclust_spikes_per_unit
openfield_ca1,25398_2019-10-10,25398,10_1,CA1,open_field,498,0.27651304830649637,1801.0,,mclust_sorted,False,mclust_spikes_per_unit
openfield_ca1,25398_2019-10-10,25398,10_2,CA1,open_field,48,0.026651860077734593,1801.0,,mclust_sorted,False,mclust_spikes_per_unit
openfield_ca1,25398_2019-10-10,25398,10_3,CA1,open_field,241,0.13381454747362576,1801.0,,mclust_sorted,False,mclust_spikes_per_unit
openfield_ca1,25398_2019-10-10,25398,10_4,CA1,open_field,74,0.041088284286507494,1801.0,,mclust_sorted,False,mclust_spikes_per_unit
openfield_ca1,25398_2019-10-10,25398,10_5,CA1,open_field,1092,0.606329816768462,1801.0,,mclust_sorted,False,mclust_spikes_per_unit
openfield_ca1,25398_2019-10-10,25398,10_6,CA1,open_field,18,0.009994447529150472,1801.0,,mclust_sorted,False,mclust_spikes_per_unit
openfield_ca1,25398_2019-10-10,25398,10_7,CA1,open_field,618,0.34314269850083284,1801.0,,mclust_sorted,False,mclust_spikes_per_unit
openfield_ca1,25398_2019-10-10,25398,10_8,CA1,open_field,1469,0.8156579677956691,1801.0,,mclust_sorted,False,mclust_spikes_per_unit
openfield_ca1,25398_2019-10-10,25398,10_9,CA1,open_field,4358,2.41976679622432,1801.0,,mclust_sorted,False,mclust_spikes_per_unit
openfield_ca1,25398_2019-10-23,25398,23_1,CA1,open_field,304,0.20172528201725282,1507.0,,mclust_sorted,False,mclust_spikes_per_unit
openfield_ca1,25398_2019-10-23,25398,23_2,CA1,open_field,117,0.0776376907763769,1507.0,,mclust_sorted,False,mclust_spikes_per_unit
openfield_ca1,25398_2019-10-23,25398,23_3,CA1,open_field,571,0.3788984737889847,1507.0,,mclust_sorted,False,mclust_spikes_per_unit
openfield_ca1,25398_2019-10-23,25398,23_4,CA1,open_field,1784,1.183808891838089,1507.0,,mclust_sorted,False,mclust_spikes_per_unit
openfield_ca1,25398_2019-10-23,25398,23_5,CA1,open_field,3935,2.61114797611148,1507.0,,mclust_sorted,False,mclust_spikes_per_unit
