dataset_short_name,session_id,subject_id,trial_id,trial_type,trial_outcome,trial_side,object_id,n_spikes_total,n_spiketrains,n_events,is_preview_record,source_level
touchandsee,Ramachandran_samp20_2012-08-09,Ramachandran,Trial 1,normal,incorrect,right,,6385,26,6,True,touchandsee_segment_preview
touchandsee,Ramachandran_samp20_2012-08-09,Ramachandran,Trial 2,normal,incorrect,right,,3937,26,6,True,touchandsee_segment_preview
touchandsee,Ramachandran_samp20_2012-08-09,Ramachandran,Trial 6,memory,correct,right,,3461,26,6,True,touchandsee_segment_preview
touchandsee,Ramachandran_samp20_2012-08-09,Ramachandran,Trial 7,normal,incorrect,left,,6154,26,6,True,touchandsee_segment_preview
touchandsee,Ramachandran_samp20_2012-08-09,Ramachandran,Trial 8,normal,incorrect,right,,2451,26,6,True,touchandsee_segment_preview
touchandsee,Ramachandran_samp21_2012-08-10,Ramachandran,Trial 2,normal,correct,left,,0,41,6,True,touchandsee_segment_preview
touchandsee,Ramachandran_samp21_2012-08-10,Ramachandran,Trial 3,normal,incorrect,right,,0,41,6,True,touchandsee_segment_preview
touchandsee,Ramachandran_samp21_2012-08-10,Ramachandran,Trial 4,normal,incorrect,right,,0,41,6,True,touchandsee_segment_preview
touchandsee,Ramachandran_samp21_2012-08-10,Ramachandran,Trial 5,normal,correct,right,,0,41,6,True,touchandsee_segment_preview
touchandsee,Ramachandran_samp21_2012-08-10,Ramachandran,Trial 6,memory,correct,right,,0,41,6,True,touchandsee_segment_preview
touchandsee,Ramachandran_samp22_2012-08-11,Ramachandran,Trial 2,normal,correct,right,,0,26,6,True,touchandsee_segment_preview
touchandsee,Ramachandran_samp22_2012-08-11,Ramachandran,Trial 4,normal,correct,right,,0,26,6,True,touchandsee_segment_preview
touchandsee,Ramachandran_samp22_2012-08-11,Ramachandran,Trial 5,normal,correct,left,,0,26,6,True,touchandsee_segment_preview
touchandsee,Ramachandran_samp22_2012-08-11,Ramachandran,Trial 6,normal,incorrect,right,,0,26,6,True,touchandsee_segment_preview
touchandsee,Ramachandran_samp22_2012-08-11,Ramachandran,Trial 7,normal,incorrect,right,,0,26,6,True,touchandsee_segment_preview
touchandsee,Ramachandran_samp23_2012-08-12,Ramachandran,Trial 3,normal,incorrect,right,,0,24,6,True,touchandsee_segment_preview
touchandsee,Ramachandran_samp23_2012-08-12,Ramachandran,Trial 5,memory,correct,right,,0,24,6,True,touchandsee_segment_preview
touchandsee,Ramachandran_samp23_2012-08-12,Ramachandran,Trial 7,memory,correct,right,,0,24,6,True,touchandsee_segment_preview
touchandsee,Ramachandran_samp23_2012-08-12,Ramachandran,Trial 8,normal,correct,left,,0,24,6,True,touchandsee_segment_preview
touchandsee,Ramachandran_samp23_2012-08-12,Ramachandran,Trial 9,normal,incorrect,right,,0,24,6,True,touchandsee_segment_preview
touchandsee,Ramachandran_samp24_2012-08-13,Ramachandran,Trial 3,normal,correct,left,,0,34,6,True,touchandsee_segment_preview
touchandsee,Ramachandran_samp24_2012-08-13,Ramachandran,Trial 4,normal,correct,right,,0,34,6,True,touchandsee_segment_preview
touchandsee,Ramachandran_samp24_2012-08-13,Ramachandran,Trial 5,normal,correct,right,,0,34,6,True,touchandsee_segment_preview
touchandsee,Ramachandran_samp24_2012-08-13,Ramachandran,Trial 6,memory,correct,left,,0,34,6,True,touchandsee_segment_preview
touchandsee,Ramachandran_samp24_2012-08-13,Ramachandran,Trial 7,normal,correct,right,,0,34,6,True,touchandsee_segment_preview
touchandsee,Ramachandran_samp25_2012-08-14,Ramachandran,Trial 1,memory,incorrect,right,,0,7,6,True,touchandsee_segment_preview
touchandsee,Ramachandran_samp25_2012-08-14,Ramachandran,Trial 2,normal,incorrect,left,,0,7,6,True,touchandsee_segment_preview
touchandsee,Ramachandran_samp25_2012-08-14,Ramachandran,Trial 3,memory,incorrect,right,,0,7,6,True,touchandsee_segment_preview
touchandsee,Ramachandran_samp25_2012-08-14,Ramachandran,Trial 5,normal,incorrect,left,,0,7,6,True,touchandsee_segment_preview
touchandsee,Ramachandran_samp25_2012-08-14,Ramachandran,Trial 6,normal,incorrect,right,,0,7,6,True,touchandsee_segment_preview
touchandsee,Ramachandran_samp26_2012-08-15,Ramachandran,Trial 1,normal,incorrect,right,,0,30,6,True,touchandsee_segment_preview
touchandsee,Ramachandran_samp26_2012-08-15,Ramachandran,Trial 2,normal,correct,left,,0,30,6,True,touchandsee_segment_preview
touchandsee,Ramachandran_samp26_2012-08-15,Ramachandran,Trial 3,normal,correct,left,,0,30,6,True,touchandsee_segment_preview
touchandsee,Ramachandran_samp26_2012-08-15,Ramachandran,Trial 4,normal,incorrect,left,,0,30,6,True,touchandsee_segment_preview
touchandsee,Ramachandran_samp26_2012-08-15,Ramachandran,Trial 6,normal,correct,right,,0,30,6,True,touchandsee_segment_preview
touchandsee,Ramachandran_samp27_2012-08-16,Ramachandran,Trial 1,memory,incorrect,right,,0,47,6,True,touchandsee_segment_preview
touchandsee,Ramachandran_samp27_2012-08-16,Ramachandran,Trial 2,normal,correct,left,,0,47,6,True,touchandsee_segment_preview
touchandsee,Ramachandran_samp27_2012-08-16,Ramachandran,Trial 3,normal,incorrect,left,,0,47,6,True,touchandsee_segment_preview
touchandsee,Ramachandran_samp27_2012-08-16,Ramachandran,Trial 4,normal,incorrect,right,,0,47,6,True,touchandsee_segment_preview
touchandsee,Ramachandran_samp27_2012-08-16,Ramachandran,Trial 5,normal,correct,right,,0,47,6,True,touchandsee_segment_preview
touchandsee,Ramachandran_samp28_2012-08-17,Ramachandran,Trial 1,normal,incorrect,right,,0,100,6,True,touchandsee_segment_preview
touchandsee,Ramachandran_samp28_2012-08-17,Ramachandran,Trial 3,normal,correct,right,,0,100,6,True,touchandsee_segment_preview
touchandsee,Ramachandran_samp28_2012-08-17,Ramachandran,Trial 4,normal,incorrect,right,,0,100,6,True,touchandsee_segment_preview
touchandsee,Ramachandran_samp28_2012-08-17,Ramachandran,Trial 5,normal,correct,left,,0,100,6,True,touchandsee_segment_preview
touchandsee,Ramachandran_samp28_2012-08-17,Ramachandran,Trial 6,normal,correct,right,,0,100,6,True,touchandsee_segment_preview
touchandsee,Ramachandran_samp29_2012-08-18,Ramachandran,Trial 3,normal,correct,left,,0,69,6,True,touchandsee_segment_preview
touchandsee,Ramachandran_samp29_2012-08-18,Ramachandran,Trial 4,normal,correct,right,,0,69,6,True,touchandsee_segment_preview
touchandsee,Ramachandran_samp29_2012-08-18,Ramachandran,Trial 5,normal,correct,left,,0,69,6,True,touchandsee_segment_preview
touchandsee,Ramachandran_samp29_2012-08-18,Ramachandran,Trial 7,normal,correct,left,,0,69,6,True,touchandsee_segment_preview
touchandsee,Ramachandran_samp29_2012-08-18,Ramachandran,Trial 8,memory,incorrect,right,,0,69,6,True,touchandsee_segment_preview
touchandsee,Ramachandran_samp30_2012-08-20,Ramachandran,Trial 1,normal,correct,right,,0,63,6,True,touchandsee_segment_preview
touchandsee,Ramachandran_samp30_2012-08-20,Ramachandran,Trial 2,memory,incorrect,left,,0,63,6,True,touchandsee_segment_preview
touchandsee,Ramachandran_samp30_2012-08-20,Ramachandran,Trial 3,normal,correct,right,,0,63,6,True,touchandsee_segment_preview
touchandsee,Ramachandran_samp30_2012-08-20,Ramachandran,Trial 5,normal,incorrect,right,,0,63,6,True,touchandsee_segment_preview
touchandsee,Ramachandran_samp30_2012-08-20,Ramachandran,Trial 6,normal,correct,left,,0,63,6,True,touchandsee_segment_preview
touchandsee,Ramachandran_samp31_2012-08-21,Ramachandran,Trial 1,normal,incorrect,left,,0,48,6,True,touchandsee_segment_preview
touchandsee,Ramachandran_samp31_2012-08-21,Ramachandran,Trial 2,memory,incorrect,right,,0,48,6,True,touchandsee_segment_preview
touchandsee,Ramachandran_samp31_2012-08-21,Ramachandran,Trial 3,normal,correct,right,,0,48,6,True,touchandsee_segment_preview
touchandsee,Ramachandran_samp31_2012-08-21,Ramachandran,Trial 4,normal,correct,right,,0,48,6,True,touchandsee_segment_preview
touchandsee,Ramachandran_samp31_2012-08-21,Ramachandran,Trial 5,normal,correct,left,,0,48,6,True,touchandsee_segment_preview
touchandsee,Ramachandran_samp32_2012-08-22,Ramachandran,Trial 1,normal,incorrect,right,,0,28,6,True,touchandsee_segment_preview
touchandsee,Ramachandran_samp32_2012-08-22,Ramachandran,Trial 2,normal,incorrect,left,,0,28,6,True,touchandsee_segment_preview
touchandsee,Ramachandran_samp32_2012-08-22,Ramachandran,Trial 3,normal,correct,right,,0,28,6,True,touchandsee_segment_preview
touchandsee,Ramachandran_samp32_2012-08-22,Ramachandran,Trial 4,memory,correct,right,,0,28,6,True,touchandsee_segment_preview
touchandsee,Ramachandran_samp32_2012-08-22,Ramachandran,Trial 5,normal,correct,left,,0,28,6,True,touchandsee_segment_preview
touchandsee,Ramachandran_samp33_2012-08-22,Ramachandran,Trial 2,normal,correct,right,,0,12,6,True,touchandsee_segment_preview
touchandsee,Ramachandran_samp33_2012-08-22,Ramachandran,Trial 3,normal,correct,left,,0,12,6,True,touchandsee_segment_preview
touchandsee,Ramachandran_samp33_2012-08-22,Ramachandran,Trial 4,normal,incorrect,right,,0,12,6,True,touchandsee_segment_preview
touchandsee,Ramachandran_samp33_2012-08-22,Ramachandran,Trial 5,normal,incorrect,left,,0,12,6,True,touchandsee_segment_preview
touchandsee,Ramachandran_samp33_2012-08-22,Ramachandran,Trial 6,memory,incorrect,right,,0,12,6,True,touchandsee_segment_preview
touchandsee,Taskmaster_samp1_2012-01-03,Taskmaster,Trial 1,normal,incorrect,right,,0,56,6,True,touchandsee_segment_preview
touchandsee,Taskmaster_samp1_2012-01-03,Taskmaster,Trial 2,memory,incorrect,left,,0,56,6,True,touchandsee_segment_preview
touchandsee,Taskmaster_samp1_2012-01-03,Taskmaster,Trial 3,normal,correct,left,,0,56,6,True,touchandsee_segment_preview
touchandsee,Taskmaster_samp1_2012-01-03,Taskmaster,Trial 4,normal,incorrect,right,,0,56,6,True,touchandsee_segment_preview
touchandsee,Taskmaster_samp1_2012-01-03,Taskmaster,Trial 5,memory,incorrect,right,,0,56,6,True,touchandsee_segment_preview
touchandsee,Taskmaster_samp10_2012-01-15,Taskmaster,Trial 1,memory,incorrect,left,,0,66,6,True,touchandsee_segment_preview
touchandsee,Taskmaster_samp10_2012-01-15,Taskmaster,Trial 2,normal,correct,right,,0,66,6,True,touchandsee_segment_preview
touchandsee,Taskmaster_samp10_2012-01-15,Taskmaster,Trial 3,normal,correct,left,,0,66,6,True,touchandsee_segment_preview
touchandsee,Taskmaster_samp10_2012-01-15,Taskmaster,Trial 4,normal,correct,left,,0,66,6,True,touchandsee_segment_preview
touchandsee,Taskmaster_samp10_2012-01-15,Taskmaster,Trial 5,memory,incorrect,right,,0,66,6,True,touchandsee_segment_preview
touchandsee,Taskmaster_samp11_2012-01-16,Taskmaster,Trial 1,normal,correct,left,,0,66,6,True,touchandsee_segment_preview
touchandsee,Taskmaster_samp11_2012-01-16,Taskmaster,Trial 2,normal,correct,right,,0,66,6,True,touchandsee_segment_preview
touchandsee,Taskmaster_samp11_2012-01-16,Taskmaster,Trial 3,memory,incorrect,left,,0,66,6,True,touchandsee_segment_preview
touchandsee,Taskmaster_samp11_2012-01-16,Taskmaster,Trial 5,memory,incorrect,right,,0,66,6,True,touchandsee_segment_preview
touchandsee,Taskmaster_samp11_2012-01-16,Taskmaster,Trial 6,normal,incorrect,right,,0,66,6,True,touchandsee_segment_preview
touchandsee,Taskmaster_samp12_2012-01-17,Taskmaster,Trial 1,memory,incorrect,left,,0,43,6,True,touchandsee_segment_preview
touchandsee,Taskmaster_samp12_2012-01-17,Taskmaster,Trial 2,normal,correct,right,,0,43,6,True,touchandsee_segment_preview
touchandsee,Taskmaster_samp12_2012-01-17,Taskmaster,Trial 3,normal,correct,left,,0,43,6,True,touchandsee_segment_preview
touchandsee,Taskmaster_samp12_2012-01-17,Taskmaster,Trial 4,normal,incorrect,right,,0,43,6,True,touchandsee_segment_preview
touchandsee,Taskmaster_samp12_2012-01-17,Taskmaster,Trial 5,memory,incorrect,left,,0,43,6,True,touchandsee_segment_preview
touchandsee,Taskmaster_samp13_2012-01-18,Taskmaster,Trial 1,memory,incorrect,right,,0,50,6,True,touchandsee_segment_preview
touchandsee,Taskmaster_samp13_2012-01-18,Taskmaster,Trial 2,memory,correct,left,,0,50,6,True,touchandsee_segment_preview
touchandsee,Taskmaster_samp13_2012-01-18,Taskmaster,Trial 3,normal,incorrect,right,,0,50,6,True,touchandsee_segment_preview
touchandsee,Taskmaster_samp13_2012-01-18,Taskmaster,Trial 4,normal,incorrect,left,,0,50,6,True,touchandsee_segment_preview
touchandsee,Taskmaster_samp13_2012-01-18,Taskmaster,Trial 5,memory,incorrect,right,,0,50,6,True,touchandsee_segment_preview
touchandsee,Taskmaster_samp14_2011-12-22,Taskmaster,Trial 2,normal,incorrect,left,,0,10,6,True,touchandsee_segment_preview
touchandsee,Taskmaster_samp14_2011-12-22,Taskmaster,Trial 3,normal,correct,right,,0,10,6,True,touchandsee_segment_preview
touchandsee,Taskmaster_samp14_2011-12-22,Taskmaster,Trial 4,normal,correct,left,,0,10,6,True,touchandsee_segment_preview
touchandsee,Taskmaster_samp14_2011-12-22,Taskmaster,Trial 5,normal,correct,right,,0,10,6,True,touchandsee_segment_preview
touchandsee,Taskmaster_samp14_2011-12-22,Taskmaster,Trial 6,normal,incorrect,right,,0,10,6,True,touchandsee_segment_preview
touchandsee,Taskmaster_samp15_2011-12-23,Taskmaster,Trial 1,normal,incorrect,left,,0,36,6,True,touchandsee_segment_preview
touchandsee,Taskmaster_samp15_2011-12-23,Taskmaster,Trial 2,normal,correct,right,,0,36,6,True,touchandsee_segment_preview
touchandsee,Taskmaster_samp15_2011-12-23,Taskmaster,Trial 3,normal,correct,left,,0,36,6,True,touchandsee_segment_preview
touchandsee,Taskmaster_samp15_2011-12-23,Taskmaster,Trial 4,normal,correct,right,,0,36,6,True,touchandsee_segment_preview
touchandsee,Taskmaster_samp15_2011-12-23,Taskmaster,Trial 5,normal,correct,left,,0,36,6,True,touchandsee_segment_preview
touchandsee,Taskmaster_samp16_2011-12-24,Taskmaster,Trial 1,normal,incorrect,left,,0,53,6,True,touchandsee_segment_preview
touchandsee,Taskmaster_samp16_2011-12-24,Taskmaster,Trial 2,normal,incorrect,right,,0,53,6,True,touchandsee_segment_preview
touchandsee,Taskmaster_samp16_2011-12-24,Taskmaster,Trial 3,normal,correct,left,,0,53,6,True,touchandsee_segment_preview
touchandsee,Taskmaster_samp16_2011-12-24,Taskmaster,Trial 4,normal,correct,right,,0,53,6,True,touchandsee_segment_preview
touchandsee,Taskmaster_samp16_2011-12-24,Taskmaster,Trial 5,memory,incorrect,left,,0,53,6,True,touchandsee_segment_preview
touchandsee,Taskmaster_samp17_2011-12-25,Taskmaster,Trial 1,normal,incorrect,left,,0,67,6,True,touchandsee_segment_preview
touchandsee,Taskmaster_samp17_2011-12-25,Taskmaster,Trial 2,normal,correct,right,,0,67,6,True,touchandsee_segment_preview
touchandsee,Taskmaster_samp17_2011-12-25,Taskmaster,Trial 3,normal,correct,right,,0,67,6,True,touchandsee_segment_preview
touchandsee,Taskmaster_samp17_2011-12-25,Taskmaster,Trial 4,normal,correct,left,,0,67,6,True,touchandsee_segment_preview
touchandsee,Taskmaster_samp17_2011-12-25,Taskmaster,Trial 5,normal,correct,right,,0,67,6,True,touchandsee_segment_preview
touchandsee,Taskmaster_samp18_2011-12-29,Taskmaster,Trial 1,memory,correct,right,,0,45,6,True,touchandsee_segment_preview
touchandsee,Taskmaster_samp18_2011-12-29,Taskmaster,Trial 2,normal,correct,left,,0,45,6,True,touchandsee_segment_preview
touchandsee,Taskmaster_samp18_2011-12-29,Taskmaster,Trial 3,memory,correct,right,,0,45,6,True,touchandsee_segment_preview
touchandsee,Taskmaster_samp18_2011-12-29,Taskmaster,Trial 4,normal,incorrect,right,,0,45,6,True,touchandsee_segment_preview
touchandsee,Taskmaster_samp18_2011-12-29,Taskmaster,Trial 5,normal,correct,left,,0,45,6,True,touchandsee_segment_preview
touchandsee,Taskmaster_samp19_2011-12-30,Taskmaster,Trial 1,normal,incorrect,right,,0,44,6,True,touchandsee_segment_preview
touchandsee,Taskmaster_samp19_2011-12-30,Taskmaster,Trial 2,memory,incorrect,left,,0,44,6,True,touchandsee_segment_preview
touchandsee,Taskmaster_samp19_2011-12-30,Taskmaster,Trial 3,normal,incorrect,right,,0,44,6,True,touchandsee_segment_preview
touchandsee,Taskmaster_samp19_2011-12-30,Taskmaster,Trial 4,normal,correct,left,,0,44,6,True,touchandsee_segment_preview
touchandsee,Taskmaster_samp19_2011-12-30,Taskmaster,Trial 5,memory,correct,right,,0,44,6,True,touchandsee_segment_preview
touchandsee,Taskmaster_samp2_2012-01-03,Taskmaster,Trial 2,memory,incorrect,left,,0,58,6,True,touchandsee_segment_preview
touchandsee,Taskmaster_samp2_2012-01-03,Taskmaster,Trial 3,normal,correct,right,,0,58,6,True,touchandsee_segment_preview
touchandsee,Taskmaster_samp2_2012-01-03,Taskmaster,Trial 4,memory,incorrect,right,,0,58,6,True,touchandsee_segment_preview
touchandsee,Taskmaster_samp2_2012-01-03,Taskmaster,Trial 5,normal,incorrect,right,,0,58,6,True,touchandsee_segment_preview
touchandsee,Taskmaster_samp2_2012-01-03,Taskmaster,Trial 7,normal,correct,right,,0,58,6,True,touchandsee_segment_preview
touchandsee,Taskmaster_samp3_2012-01-04,Taskmaster,Trial 4,memory,incorrect,left,,0,57,6,True,touchandsee_segment_preview
touchandsee,Taskmaster_samp3_2012-01-04,Taskmaster,Trial 5,normal,correct,left,,0,57,6,True,touchandsee_segment_preview
touchandsee,Taskmaster_samp3_2012-01-04,Taskmaster,Trial 6,normal,correct,right,,0,57,6,True,touchandsee_segment_preview
touchandsee,Taskmaster_samp3_2012-01-04,Taskmaster,Trial 7,memory,correct,left,,0,57,6,True,touchandsee_segment_preview
touchandsee,Taskmaster_samp3_2012-01-04,Taskmaster,Trial 8,normal,correct,right,,0,57,6,True,touchandsee_segment_preview
touchandsee,Taskmaster_samp4_2012-01-05,Taskmaster,Trial 1,normal,correct,right,,0,58,6,True,touchandsee_segment_preview
touchandsee,Taskmaster_samp4_2012-01-05,Taskmaster,Trial 2,normal,correct,left,,0,58,6,True,touchandsee_segment_preview
touchandsee,Taskmaster_samp4_2012-01-05,Taskmaster,Trial 3,normal,incorrect,right,,0,58,6,True,touchandsee_segment_preview
touchandsee,Taskmaster_samp4_2012-01-05,Taskmaster,Trial 4,normal,correct,left,,0,58,6,True,touchandsee_segment_preview
touchandsee,Taskmaster_samp4_2012-01-05,Taskmaster,Trial 5,normal,correct,right,,0,58,6,True,touchandsee_segment_preview
touchandsee,Taskmaster_samp5_2012-01-06,Taskmaster,Trial 2,memory,incorrect,left,,0,75,6,True,touchandsee_segment_preview
touchandsee,Taskmaster_samp5_2012-01-06,Taskmaster,Trial 3,normal,incorrect,right,,0,75,6,True,touchandsee_segment_preview
touchandsee,Taskmaster_samp5_2012-01-06,Taskmaster,Trial 4,normal,correct,right,,0,75,6,True,touchandsee_segment_preview
touchandsee,Taskmaster_samp5_2012-01-06,Taskmaster,Trial 5,memory,correct,right,,0,75,6,True,touchandsee_segment_preview
touchandsee,Taskmaster_samp5_2012-01-06,Taskmaster,Trial 6,normal,correct,left,,0,75,6,True,touchandsee_segment_preview
touchandsee,Taskmaster_samp6_2012-01-10,Taskmaster,Trial 1,normal,incorrect,right,,0,64,6,True,touchandsee_segment_preview
touchandsee,Taskmaster_samp6_2012-01-10,Taskmaster,Trial 2,memory,incorrect,right,,0,64,6,True,touchandsee_segment_preview
touchandsee,Taskmaster_samp6_2012-01-10,Taskmaster,Trial 3,normal,correct,left,,0,64,6,True,touchandsee_segment_preview
touchandsee,Taskmaster_samp6_2012-01-10,Taskmaster,Trial 4,memory,incorrect,left,,0,64,6,True,touchandsee_segment_preview
touchandsee,Taskmaster_samp6_2012-01-10,Taskmaster,Trial 5,normal,correct,right,,0,64,6,True,touchandsee_segment_preview
touchandsee,Taskmaster_samp7_2012-01-11,Taskmaster,Trial 2,normal,correct,right,,0,68,6,True,touchandsee_segment_preview
touchandsee,Taskmaster_samp7_2012-01-11,Taskmaster,Trial 3,normal,correct,left,,0,68,6,True,touchandsee_segment_preview
touchandsee,Taskmaster_samp7_2012-01-11,Taskmaster,Trial 4,normal,incorrect,right,,0,68,6,True,touchandsee_segment_preview
touchandsee,Taskmaster_samp7_2012-01-11,Taskmaster,Trial 5,normal,correct,right,,0,68,6,True,touchandsee_segment_preview
touchandsee,Taskmaster_samp7_2012-01-11,Taskmaster,Trial 6,normal,correct,left,,0,68,6,True,touchandsee_segment_preview
touchandsee,Taskmaster_samp8_2012-01-12,Taskmaster,Trial 1,normal,correct,left,,0,64,6,True,touchandsee_segment_preview
touchandsee,Taskmaster_samp8_2012-01-12,Taskmaster,Trial 2,normal,correct,left,,0,64,6,True,touchandsee_segment_preview
touchandsee,Taskmaster_samp8_2012-01-12,Taskmaster,Trial 3,memory,correct,right,,0,64,6,True,touchandsee_segment_preview
touchandsee,Taskmaster_samp8_2012-01-12,Taskmaster,Trial 4,normal,correct,left,,0,64,6,True,touchandsee_segment_preview
touchandsee,Taskmaster_samp8_2012-01-12,Taskmaster,Trial 5,memory,correct,right,,0,64,6,True,touchandsee_segment_preview
touchandsee,Taskmaster_samp9_2012-01-14,Taskmaster,Trial 2,normal,incorrect,right,,0,48,6,True,touchandsee_segment_preview
touchandsee,Taskmaster_samp9_2012-01-14,Taskmaster,Trial 3,memory,correct,left,,0,48,6,True,touchandsee_segment_preview
touchandsee,Taskmaster_samp9_2012-01-14,Taskmaster,Trial 4,normal,correct,right,,0,48,6,True,touchandsee_segment_preview
touchandsee,Taskmaster_samp9_2012-01-14,Taskmaster,Trial 5,memory,correct,right,,0,48,6,True,touchandsee_segment_preview
touchandsee,Taskmaster_samp9_2012-01-14,Taskmaster,Trial 6,normal,incorrect,left,,0,48,6,True,touchandsee_segment_preview
touchandsee,Turing_samp34_2012-09-14,Turing,Trial 1,normal,incorrect,right,,0,21,6,True,touchandsee_segment_preview
touchandsee,Turing_samp34_2012-09-14,Turing,Trial 2,normal,correct,left,,0,21,6,True,touchandsee_segment_preview
touchandsee,Turing_samp34_2012-09-14,Turing,Trial 3,normal,incorrect,right,,0,21,6,True,touchandsee_segment_preview
touchandsee,Turing_samp34_2012-09-14,Turing,Trial 5,normal,correct,right,,0,21,6,True,touchandsee_segment_preview
touchandsee,Turing_samp34_2012-09-14,Turing,Trial 6,normal,correct,right,,0,21,6,True,touchandsee_segment_preview
touchandsee,Turing_samp35_2012-09-15,Turing,Trial 5,normal,incorrect,right,,0,24,6,True,touchandsee_segment_preview
touchandsee,Turing_samp35_2012-09-15,Turing,Trial 7,normal,correct,left,,0,24,6,True,touchandsee_segment_preview
touchandsee,Turing_samp36_2012-09-15,Turing,Trial 2,memory,incorrect,right,,0,20,6,True,touchandsee_segment_preview
touchandsee,Turing_samp36_2012-09-15,Turing,Trial 3,normal,incorrect,left,,0,20,6,True,touchandsee_segment_preview
touchandsee,Turing_samp36_2012-09-15,Turing,Trial 6,normal,correct,right,,0,20,6,True,touchandsee_segment_preview
touchandsee,Turing_samp36_2012-09-15,Turing,Trial 7,memory,incorrect,left,,0,20,6,True,touchandsee_segment_preview
touchandsee,Turing_samp36_2012-09-15,Turing,Trial 8,normal,incorrect,right,,0,20,6,True,touchandsee_segment_preview
touchandsee,Turing_samp37_2012-09-16,Turing,Trial 3,normal,correct,right,,0,10,6,True,touchandsee_segment_preview
touchandsee,Turing_samp37_2012-09-16,Turing,Trial 4,normal,incorrect,left,,0,10,6,True,touchandsee_segment_preview
touchandsee,Turing_samp37_2012-09-16,Turing,Trial 5,memory,correct,right,,0,10,6,True,touchandsee_segment_preview
touchandsee,Turing_samp37_2012-09-16,Turing,Trial 6,normal,incorrect,right,,0,10,6,True,touchandsee_segment_preview
touchandsee,Turing_samp37_2012-09-16,Turing,Trial 7,normal,incorrect,left,,0,10,6,True,touchandsee_segment_preview
touchandsee,Turing_samp38_2012-09-17,Turing,Trial 2,normal,incorrect,left,,0,18,6,True,touchandsee_segment_preview
touchandsee,Turing_samp38_2012-09-17,Turing,Trial 3,memory,correct,right,,0,18,6,True,touchandsee_segment_preview
touchandsee,Turing_samp38_2012-09-17,Turing,Trial 4,normal,correct,left,,0,18,6,True,touchandsee_segment_preview
touchandsee,Turing_samp38_2012-09-17,Turing,Trial 5,normal,incorrect,right,,0,18,6,True,touchandsee_segment_preview
touchandsee,Turing_samp38_2012-09-17,Turing,Trial 6,memory,correct,left,,0,18,6,True,touchandsee_segment_preview
touchandsee,Turing_samp39_2012-09-18,Turing,Trial 1,normal,incorrect,left,,0,10,6,True,touchandsee_segment_preview
touchandsee,Turing_samp39_2012-09-18,Turing,Trial 2,normal,correct,right,,0,10,6,True,touchandsee_segment_preview
touchandsee,Turing_samp39_2012-09-18,Turing,Trial 3,normal,correct,right,,0,10,6,True,touchandsee_segment_preview
touchandsee,Turing_samp39_2012-09-18,Turing,Trial 4,normal,correct,left,,0,10,6,True,touchandsee_segment_preview
touchandsee,Turing_samp39_2012-09-18,Turing,Trial 5,normal,incorrect,right,,0,10,6,True,touchandsee_segment_preview
touchandsee,Turing_samp40_2012-09-19,Turing,Trial 2,memory,correct,left,,0,15,6,True,touchandsee_segment_preview
touchandsee,Turing_samp40_2012-09-19,Turing,Trial 4,normal,incorrect,left,,0,15,6,True,touchandsee_segment_preview
touchandsee,Turing_samp40_2012-09-19,Turing,Trial 5,normal,incorrect,left,,0,15,6,True,touchandsee_segment_preview
touchandsee,Turing_samp40_2012-09-19,Turing,Trial 6,normal,correct,right,,0,15,6,True,touchandsee_segment_preview
touchandsee,Turing_samp40_2012-09-19,Turing,Trial 7,normal,incorrect,right,,0,15,6,True,touchandsee_segment_preview
touchandsee,Turing_samp41_2012-09-19,Turing,Trial 3,normal,incorrect,right,,0,9,6,True,touchandsee_segment_preview
touchandsee,Turing_samp41_2012-09-19,Turing,Trial 4,normal,incorrect,left,,0,9,6,True,touchandsee_segment_preview
touchandsee,Turing_samp41_2012-09-19,Turing,Trial 5,memory,correct,right,,0,9,6,True,touchandsee_segment_preview
touchandsee,Turing_samp41_2012-09-19,Turing,Trial 6,normal,correct,left,,0,9,6,True,touchandsee_segment_preview
touchandsee,Turing_samp41_2012-09-19,Turing,Trial 8,normal,correct,left,,0,9,6,True,touchandsee_segment_preview
touchandsee,Turing_samp42_2012-09-20,Turing,Trial 2,normal,incorrect,right,,0,14,6,True,touchandsee_segment_preview
touchandsee,Turing_samp42_2012-09-20,Turing,Trial 3,normal,correct,right,,0,14,6,True,touchandsee_segment_preview
touchandsee,Turing_samp42_2012-09-20,Turing,Trial 4,normal,incorrect,right,,0,14,6,True,touchandsee_segment_preview
touchandsee,Turing_samp42_2012-09-20,Turing,Trial 5,normal,incorrect,left,,0,14,6,True,touchandsee_segment_preview
touchandsee,Turing_samp42_2012-09-20,Turing,Trial 6,memory,correct,right,,0,14,6,True,touchandsee_segment_preview
touchandsee,Turing_samp43_2012-09-21,Turing,Trial 2,normal,correct,left,,0,19,6,True,touchandsee_segment_preview
touchandsee,Turing_samp43_2012-09-21,Turing,Trial 3,normal,correct,right,,0,19,6,True,touchandsee_segment_preview
touchandsee,Turing_samp43_2012-09-21,Turing,Trial 4,normal,incorrect,left,,0,19,6,True,touchandsee_segment_preview
touchandsee,Turing_samp43_2012-09-21,Turing,Trial 5,memory,incorrect,right,,0,19,6,True,touchandsee_segment_preview
touchandsee,Turing_samp43_2012-09-21,Turing,Trial 6,normal,incorrect,right,,0,19,6,True,touchandsee_segment_preview
touchandsee,Turing_samp44_2012-09-22,Turing,Trial 1,normal,incorrect,left,,0,18,6,True,touchandsee_segment_preview
touchandsee,Turing_samp44_2012-09-22,Turing,Trial 2,normal,correct,right,,0,18,6,True,touchandsee_segment_preview
touchandsee,Turing_samp44_2012-09-22,Turing,Trial 3,normal,incorrect,right,,0,18,6,True,touchandsee_segment_preview
touchandsee,Turing_samp44_2012-09-22,Turing,Trial 4,normal,incorrect,left,,0,18,6,True,touchandsee_segment_preview
touchandsee,Turing_samp44_2012-09-22,Turing,Trial 5,normal,incorrect,right,,0,18,6,True,touchandsee_segment_preview
touchandsee,Turing_samp45_2012-09-25,Turing,Trial 1,normal,correct,right,,0,18,6,True,touchandsee_segment_preview
touchandsee,Turing_samp45_2012-09-25,Turing,Trial 2,memory,correct,left,,0,18,6,True,touchandsee_segment_preview
touchandsee,Turing_samp45_2012-09-25,Turing,Trial 3,normal,correct,right,,0,18,6,True,touchandsee_segment_preview
touchandsee,Turing_samp45_2012-09-25,Turing,Trial 4,memory,correct,left,,0,18,6,True,touchandsee_segment_preview
touchandsee,Turing_samp45_2012-09-25,Turing,Trial 5,normal,correct,left,,0,18,6,True,touchandsee_segment_preview
touchandsee,Turing_samp46_2012-09-26,Turing,Trial 1,normal,correct,right,,0,7,6,True,touchandsee_segment_preview
touchandsee,Turing_samp46_2012-09-26,Turing,Trial 2,normal,correct,left,,0,7,6,True,touchandsee_segment_preview
touchandsee,Turing_samp46_2012-09-26,Turing,Trial 3,normal,correct,right,,0,7,6,True,touchandsee_segment_preview
touchandsee,Turing_samp46_2012-09-26,Turing,Trial 5,normal,incorrect,right,,0,7,6,True,touchandsee_segment_preview
touchandsee,Turing_samp46_2012-09-26,Turing,Trial 6,memory,incorrect,right,,0,7,6,True,touchandsee_segment_preview
